,Year,Month,Day,Hour,C6,CO,NO,NO2,NOX,O3,PM10,PM25,RF,RH,RT,SO2,SR,TOL,WD,WS,XYL,period
0,2016,9,1,0,0.03,2.07,7.23,27.82,35.05,12.06,21.3,0,0.0,72.68,23.6,3.91,0.0,0.29,17.49,0.56,0.1,2016-09-01 00:00:00
1,2016,9,1,1,0.02,2.06,10.25,33.43,43.67,11.68,24.41,17.88,0.0,74.43,23.47,5.54,0.0,0.23,18.07,0.65,0.08,2016-09-01 01:00:00
2,2016,9,1,2,0.01,2.05,9.74,32.5,42.24,12.02,14.78,19.29,0.0,75.79,23.1,5.27,0.0,0.1,18.2,0.65,0.06,2016-09-01 02:00:00
3,2016,9,1,3,0.01,2.04,10.6,34.08,44.68,11.85,18.12,6.97,0.0,75.68,23.01,5.73,0.0,0.07,18.22,0.71,0.03,2016-09-01 03:00:00
4,2016,9,1,4,0.01,2.04,12.73,38.05,50.77,12.2,13.88,6.72,0.0,75.44,22.86,6.88,0.0,0.07,18.22,0.85,0.02,2016-09-01 04:00:00
5,2016,9,1,5,0.01,2.01,12.45,37.53,49.98,11.95,18.11,15.59,0.0,75.59,22.9,6.73,0.0,0.08,18.18,0.61,0.03,2016-09-01 05:00:00
6,2016,9,1,6,0.02,1.99,11.01,34.85,45.86,12.2,24.11,31.48,0.0,75.32,22.98,5.95,3.07,0.1,18.07,1.1,0.03,2016-09-01 06:00:00
7,2016,9,1,7,0.03,1.99,10.23,33.41,43.65,11.96,31.81,39.96,0.0,71.56,23.71,5.53,45.05,0.18,17.73,1.2,0.06,2016-09-01 07:00:00
8,2016,9,1,8,0.04,1.97,10.26,33.46,43.72,12.48,46.61,23.11,0.0,68.1,24.87,5.55,77.4,0.32,17.61,1.31,0.08,2016-09-01 08:00:00
9,2016,9,1,9,0.03,1.98,11.2,35.22,46.42,12.52,48.15,31.92,0.0,68.74,25.45,6.06,139.27,0.36,17.5,1.1,0.11,2016-09-01 09:00:00
10,2016,9,1,10,0.03,1.99,10.32,33.57,43.9,12.91,46.3,23.78,0.0,61.2,27.57,5.58,199.29,0.43,17.59,1.36,0.14,2016-09-01 10:00:00
11,2016,9,1,11,0.05,2.0,8.66,30.48,39.14,12.63,41.75,20.3,0.0,58.32,28.21,4.68,219.45,0.57,17.37,1.6,0.19,2016-09-01 11:00:00
12,2016,9,1,12,0.06,1.99,8.68,30.52,39.19,13.34,41.74,21.11,0.0,57.0,28.8,4.69,256.86,0.66,16.49,2.07,0.2,2016-09-01 12:00:00
13,2016,9,1,13,0.01,1.1,,,,11.64,0,22,0.0,58.03,28.75,372.47,286.04,0.11,16.69,2.3,0.04,2016-09-01 13:00:00
14,2016,9,1,14,0.03,1.73,57.17,120.68,177.86,12.61,"2,000.00","1,670.33",0.0,58.79,28.77,30.9,244.22,0.66,17.72,1.85,0.22,2016-09-01 14:00:00
15,2016,9,1,15,0.05,1.76,51.69,110.49,162.18,12.96,46,24,0.0,58.87,28.36,27.94,217.51,0.73,17.55,1.95,0.25,2016-09-01 15:00:00
16,2016,9,1,16,0.05,1.72,52.95,112.84,165.79,12.18,34.09,30.81,0.0,66.38,26.4,28.62,110.43,0.67,17.58,1.89,0.23,2016-09-01 16:00:00
17,2016,9,1,17,0.04,1.7,58.77,123.65,182.42,11.95,22.64,32.85,0.0,68.56,25.76,31.76,72.45,0.74,17.37,1.35,0.28,2016-09-01 17:00:00
18,2016,9,1,18,0.06,1.77,54.47,115.66,170.13,12.16,30.36,37.26,0.0,64.13,26.46,29.44,41.98,1.03,17.45,1.48,0.4,2016-09-01 18:00:00
19,2016,9,1,19,0.08,1.8,50.56,108.38,158.94,11.77,40.51,41.41,0.0,67.27,24.98,27.33,1.42,1.19,17.6,1.45,0.53,2016-09-01 19:00:00
20,2016,9,1,20,0.06,1.93,48.57,104.7,153.28,12.04,35.19,25.82,0.0,72.44,23.84,26.26,0.0,1.1,17.72,0.95,0.48,2016-09-01 20:00:00
21,2016,9,1,21,0.05,1.94,44.51,97.14,141.65,12.13,27.19,28.11,0.0,72.51,23.74,24.06,0.0,0.91,17.64,0.86,0.38,2016-09-01 21:00:00
22,2016,9,1,22,0.07,1.79,52.16,111.36,163.51,12.01,33.67,24.74,0.0,71.29,23.97,28.19,0.0,0.95,17.6,0.7,0.41,2016-09-01 22:00:00
23,2016,9,1,23,0.04,1.81,49.02,105.54,154.56,12.09,29.04,9.52,0.0,72.59,23.65,26.5,0.0,0.52,17.64,0.94,0.23,2016-09-01 23:00:00
24,2016,9,2,0,0.01,1.79,47.91,103.46,151.37,12.29,13.53,5.3,0.0,74.35,23.13,25.9,0.0,0.21,18.04,0.62,0.08,2016-09-02 00:00:00
25,2016,9,2,1,0.01,1.71,48.37,104.32,152.68,12.11,14.41,22.03,0.0,74.8,23.18,26.14,0.0,0.17,17.95,0.29,0.06,2016-09-02 01:00:00
26,2016,9,2,2,0.02,1.67,47.97,103.57,151.53,12.45,12.44,14.78,0.0,74.9,23.12,25.93,0.0,0.13,18.0,0.45,0.04,2016-09-02 02:00:00
27,2016,9,2,3,0.01,1.62,47.63,102.94,150.57,12.39,11.15,7.04,0.0,75.26,23.15,25.75,0.0,0.06,18.03,0.45,0.03,2016-09-02 03:00:00
28,2016,9,2,4,0.01,1.53,47.67,103.02,150.7,12.69,10.15,17.07,0.0,75.75,23.09,25.76,0.0,0.07,18.19,0.54,0.03,2016-09-02 04:00:00
29,2016,9,2,5,0.0,1.5,47.92,103.48,151.39,12.25,7.45,13.89,0.0,77.36,22.74,25.9,0.0,0.05,18.17,0.56,0.02,2016-09-02 05:00:00
30,2016,9,2,6,0.02,1.47,47.95,103.54,151.49,12.04,15.52,18.97,0.0,78.23,22.86,25.92,4.61,0.07,18.07,0.69,0.03,2016-09-02 06:00:00
31,2016,9,2,7,0.02,1.41,46.62,101.08,147.7,11.95,15.3,20.85,0.0,79.52,22.7,25.2,45.51,0.14,16.6,0.91,0.04,2016-09-02 07:00:00
32,2016,9,2,8,0.03,1.43,49.26,105.98,155.23,12.19,17.55,21,0.0,76.45,24.81,26.63,186.52,0.27,17.56,0.9,0.07,2016-09-02 08:00:00
33,2016,9,2,9,0.04,1.46,50.49,108.27,158.76,12.62,27.37,25.29,0.0,59.85,28.03,27.29,361.94,0.49,17.89,1.71,0.16,2016-09-02 09:00:00
34,2016,9,2,10,0.05,1.47,48.16,103.93,152.1,13.42,46.02,38.88,0.0,56.86,28.73,26.04,264.91,0.58,17.61,1.99,0.19,2016-09-02 10:00:00
35,2016,9,2,11,0.02,1.49,46.83,101.46,148.29,13.36,41.34,38.42,0.0,56.26,29.01,25.31,393.82,0.48,17.75,2.08,0.16,2016-09-02 11:00:00
36,2016,9,2,12,0.04,1.54,47.71,103.1,150.81,13.36,40.85,29.41,0.0,50.95,30.4,25.79,268.46,0.72,17.27,1.64,0.22,2016-09-02 12:00:00
37,2016,9,2,13,0.04,1.56,49.37,106.19,155.55,13.7,46.11,27.14,0.0,62.76,26.69,26.69,224.74,0.76,17.66,2.19,0.26,2016-09-02 13:00:00
38,2016,9,2,14,0.03,1.52,51.39,109.94,161.34,13.42,28.28,23.57,0.0,55.98,29.02,27.78,288.03,0.61,17.68,1.76,0.21,2016-09-02 14:00:00
39,2016,9,2,15,0.05,1.55,51.63,110.38,162.01,13.37,22.45,22.14,0.0,59.52,28.01,27.91,159.86,0.7,17.61,1.72,0.23,2016-09-02 15:00:00
40,2016,9,2,16,0.03,1.55,52.65,112.28,164.93,13.59,29.66,19.42,0.0,62.8,26.61,28.46,141.34,0.61,17.53,2.37,0.19,2016-09-02 16:00:00
41,2016,9,2,17,0.03,1.55,48.77,105.07,153.84,13.17,27.6,21.58,0.0,62.22,26.66,26.36,105.82,0.71,17.07,1.77,0.16,2016-09-02 17:00:00
42,2016,9,2,18,0.04,1.56,50.31,107.93,158.24,13.09,33.81,21.14,0.0,62.86,25.77,27.2,23.27,0.92,17.31,1.6,0.27,2016-09-02 18:00:00
43,2016,9,2,19,0.07,1.57,52.9,112.75,165.65,12.24,45.22,24.43,0.0,67.84,24.53,28.6,0.71,1.24,17.4,1.29,0.42,2016-09-02 19:00:00
44,2016,9,2,20,0.15,1.64,51.02,109.25,160.27,12.48,56.37,49.04,0.0,72.03,23.71,27.58,0.0,1.8,17.65,1.01,0.76,2016-09-02 20:00:00
45,2016,9,2,21,0.12,1.74,48.26,104.12,152.38,12.26,66.52,53.86,0.0,73.27,23.42,26.09,0.0,1.71,17.75,1.08,0.78,2016-09-02 21:00:00
46,2016,9,2,22,0.05,1.77,48.66,104.86,153.52,12.78,43.32,33.4,0.0,73.8,23.05,26.3,0.0,0.69,17.92,0.97,0.32,2016-09-02 22:00:00
47,2016,9,2,23,0.03,1.74,47.6,102.89,150.5,12.47,35.6,19.7,0.0,75.19,22.58,25.73,0.0,0.44,18.05,0.57,0.18,2016-09-02 23:00:00
48,2016,9,3,0,0.02,1.73,48.19,103.98,152.16,12.65,26.49,20.55,0.0,76.51,22.4,26.05,0.0,0.3,18.21,0.61,0.1,2016-09-03 00:00:00
49,2016,9,3,1,0.01,1.68,47.67,103.01,150.68,13.45,24.15,24.43,0.0,73.8,22.69,25.76,0.0,0.19,17.85,0.8,0.07,2016-09-03 01:00:00
50,2016,9,3,2,0.01,1.65,46.75,101.32,148.07,14.15,25.7,25,0.0,72.98,22.33,25.27,0.0,0.1,17.83,0.62,0.04,2016-09-03 02:00:00
51,2016,9,3,3,0.01,1.6,47.87,103.38,151.24,13.81,25.15,29.29,0.0,75.4,21.74,25.87,0.0,0.1,18.16,0.53,0.03,2016-09-03 03:00:00
52,2016,9,3,4,0.01,1.54,47.9,103.45,151.36,13.19,25,28.28,0.0,75.52,21.72,25.89,0.0,0.08,18.11,0.31,0.03,2016-09-03 04:00:00
53,2016,9,3,5,0.01,1.51,48.09,103.81,151.9,13.24,27.55,20.27,0.0,76.01,21.74,26.0,0.0,0.1,18.17,0.33,0.03,2016-09-03 05:00:00
54,2016,9,3,6,0.02,1.48,46.86,101.5,148.36,12.49,35.66,25.01,0.0,75.68,22.17,25.33,3.27,0.13,18.03,0.69,0.04,2016-09-03 06:00:00
55,2016,9,3,7,0.03,1.43,47.96,103.55,151.51,13.09,39.55,30.29,0.0,73.51,23.28,25.92,43.88,0.18,17.92,0.33,0.05,2016-09-03 07:00:00
56,2016,9,3,8,0.04,1.44,46.01,99.94,145.96,12.95,57.87,42.16,0.0,73.03,24.26,24.87,159.19,0.25,17.85,1.08,0.05,2016-09-03 08:00:00
57,2016,9,3,9,0.04,1.47,47.42,102.56,149.99,13.73,47.39,41.42,0.0,65.47,25.6,25.63,129.5,0.38,17.51,1.25,0.12,2016-09-03 09:00:00
58,2016,9,3,10,0.06,1.48,47.2,102.14,149.34,14.17,57.76,53.02,0.0,57.09,28.21,25.51,318.78,0.69,17.77,1.16,0.22,2016-09-03 10:00:00
59,2016,9,3,11,0.05,1.53,46.82,101.44,148.26,15.71,69.36,61.01,0.0,52.75,29.56,25.31,365.07,1.02,17.55,2.0,0.39,2016-09-03 11:00:00
60,2016,9,3,12,0.03,1.56,47.24,102.23,149.48,16.38,66.74,50.84,0.0,52.72,29.95,25.54,513.66,0.44,17.86,2.31,0.17,2016-09-03 12:00:00
61,2016,9,3,13,0.04,1.56,45.28,98.57,143.85,15.17,48.13,32.69,0.0,54.1,29.42,24.47,251.76,0.63,17.83,1.91,0.21,2016-09-03 13:00:00
62,2016,9,3,14,0.05,1.55,47.65,102.98,150.63,14.63,43.3,36.01,0.0,60.04,27.47,25.76,141.37,0.82,17.52,1.78,0.29,2016-09-03 14:00:00
63,2016,9,3,15,0.05,1.58,50.11,107.57,157.69,13.36,33.64,20.69,0.0,72.57,24.36,27.09,110.04,0.85,17.97,1.81,0.3,2016-09-03 15:00:00
64,2016,9,3,16,0.03,1.58,49.14,105.74,154.88,14.14,37.11,24.87,0.0,70.53,24.26,26.56,92.85,0.62,17.76,1.82,0.24,2016-09-03 16:00:00
65,2016,9,3,17,0.03,1.56,48.39,104.37,152.76,13.91,48.21,35.44,0.0,75.85,22.9,26.16,34.34,0.48,17.6,1.91,0.18,2016-09-03 17:00:00
66,2016,9,3,18,0.04,1.57,49.44,106.32,155.76,12.49,33.83,31.85,0.0,79.32,22.01,26.72,8.84,0.79,16.59,1.21,0.26,2016-09-03 18:00:00
67,2016,9,3,19,0.11,1.57,46.45,100.75,147.19,12.43,25.04,13.83,0.0,78.81,21.93,25.11,0.25,1.57,16.52,0.74,0.62,2016-09-03 19:00:00
68,2016,9,3,20,0.12,1.63,47.93,103.51,151.44,12.22,64.84,37.61,0.0,76.98,22.18,25.91,0.08,1.66,18.22,0.65,0.72,2016-09-03 20:00:00
69,2016,9,3,21,0.06,1.68,51.73,110.56,162.29,12.19,65.19,43.72,0.0,76.76,22.09,27.96,0.06,1.07,18.12,0.51,0.43,2016-09-03 21:00:00
70,2016,9,3,22,0.09,1.71,51.53,110.19,161.72,11.91,75.06,37.99,0.0,76.84,22.04,27.85,0.15,1.39,18.26,0.38,0.57,2016-09-03 22:00:00
71,2016,9,3,23,0.05,1.75,53.21,113.32,166.53,11.73,75.3,63.61,0.0,77.43,21.8,28.76,0.06,1.1,17.81,0.28,0.41,2016-09-03 23:00:00
72,2016,9,4,0,0.05,1.76,49.54,106.5,156.04,11.88,74.15,60.34,0.0,78.47,21.51,26.78,0.02,1.0,17.36,0.31,0.33,2016-09-04 00:00:00
73,2016,9,4,1,0.03,1.76,50.29,107.88,158.17,12.22,61.23,44.41,0.0,78.61,21.13,27.18,0.01,0.48,17.61,0.38,0.15,2016-09-04 01:00:00
74,2016,9,4,2,0.02,1.73,51.07,109.33,160.39,12.38,59,31.7,0.0,78.88,20.66,27.6,0.02,0.33,17.48,0.28,0.09,2016-09-04 02:00:00
75,2016,9,4,3,0.03,1.68,49.24,105.95,155.19,12.37,58.15,40.3,0.0,79.31,20.46,26.62,0.0,0.31,17.1,0.28,0.09,2016-09-04 03:00:00
76,2016,9,4,4,0.02,1.65,50.21,107.75,157.97,12.42,58,53.16,0.0,79.41,20.42,27.14,0.01,0.26,17.21,0.28,0.07,2016-09-04 04:00:00
77,2016,9,4,5,0.03,1.62,50.48,108.24,158.72,12.21,54.6,48.13,0.0,79.68,20.35,27.29,0.01,0.33,16.92,0.28,0.08,2016-09-04 05:00:00
78,2016,9,4,6,0.02,1.6,49.01,105.51,154.53,12.34,65.91,47.86,0.0,79.28,20.65,26.49,7.01,0.33,17.6,0.68,0.08,2016-09-04 06:00:00
79,2016,9,4,7,0.02,1.56,47.52,102.74,150.26,13.61,72.25,60.88,0.0,74.38,22.27,25.69,85.66,0.31,18.03,1.25,0.08,2016-09-04 07:00:00
80,2016,9,4,8,0.03,1.56,48.0,103.63,151.63,14.53,76.4,56.99,0.0,62.02,26.05,25.95,244.53,0.21,17.45,1.62,0.06,2016-09-04 08:00:00
81,2016,9,4,9,0.02,1.56,48.24,104.08,152.32,16.49,77.85,56.86,0.0,54.47,27.66,26.08,394.34,0.16,17.47,2.19,0.04,2016-09-04 09:00:00
82,2016,9,4,10,0.01,1.55,46.01,99.94,145.95,18.54,76.3,49.27,0.0,48.24,29.03,24.87,504.43,0.14,17.13,2.64,0.05,2016-09-04 10:00:00
83,2016,9,4,11,0.02,1.5,47.52,102.73,150.25,18.83,79.4,46.28,0.0,49.23,29.14,25.68,465.92,0.16,17.6,2.42,0.06,2016-09-04 11:00:00
84,2016,9,4,12,0.02,1.5,49.44,106.32,155.76,19.14,73.19,49.43,0.0,45.18,30.39,26.73,495.3,0.24,17.43,2.39,0.06,2016-09-04 12:00:00
85,2016,9,4,13,0.02,1.5,49.9,107.16,157.06,18.02,73.7,47.42,0.0,45.09,31.13,26.97,479.59,0.25,17.56,1.96,0.06,2016-09-04 13:00:00
86,2016,9,4,14,0.02,1.48,50.73,108.72,159.45,18.45,66.34,46.14,0.0,49.89,29.94,27.43,357.52,0.21,17.45,2.54,0.05,2016-09-04 14:00:00
87,2016,9,4,15,0.01,1.47,50.22,107.75,157.97,19.02,57.34,62.31,0.0,50.94,29.44,27.14,347.68,0.17,17.39,2.91,0.05,2016-09-04 15:00:00
88,2016,9,4,16,0.01,1.47,49.32,106.08,155.39,17.85,47.49,34.09,0.0,51.87,29.25,26.66,229.02,0.18,17.19,2.35,0.04,2016-09-04 16:00:00
89,2016,9,4,17,0.01,1.46,50.85,108.93,159.78,18.24,45.15,34.15,0.0,55.0,28.3,27.49,159.29,0.21,17.08,2.43,0.05,2016-09-04 17:00:00
90,2016,9,4,18,0.02,1.44,49.09,105.66,154.75,18.56,52.66,28.13,0.0,59.38,25.72,26.53,40.69,0.21,17.04,2.16,0.08,2016-09-04 18:00:00
91,2016,9,4,19,0.02,1.42,49.6,106.6,156.2,15.66,52.3,33.01,0.0,64.79,24.17,26.81,0.46,0.33,17.04,1.37,0.09,2016-09-04 19:00:00
92,2016,9,4,20,0.03,1.46,50.27,107.85,158.11,14.28,60.51,40.01,0.0,67.19,23.58,27.17,0.02,0.69,17.3,1.15,0.19,2016-09-04 20:00:00
93,2016,9,4,21,0.05,1.49,49.5,106.42,155.92,13.08,65.4,53.02,0.0,69.98,22.87,26.76,0.01,1.25,17.25,0.82,0.29,2016-09-04 21:00:00
94,2016,9,4,22,0.04,1.53,46.57,100.97,147.55,13.6,63.45,51.57,0.0,70.52,22.6,25.17,0.01,1.01,17.3,1.05,0.27,2016-09-04 22:00:00
95,2016,9,4,23,0.03,1.57,50.95,109.12,160.06,14.94,59.59,38.98,0.0,70.99,22.42,27.54,0.01,0.81,17.31,1.07,0.17,2016-09-04 23:00:00
96,2016,9,5,0,0.02,1.56,52.13,111.31,163.43,14.85,52.19,42.11,0.0,72.07,22.09,28.18,0.0,0.61,17.34,0.9,0.09,2016-09-05 00:00:00
97,2016,9,5,1,0.02,1.54,49.42,106.28,155.71,15.61,50.15,43.86,0.0,73.19,21.82,26.72,0.0,0.27,17.55,0.87,0.08,2016-09-05 01:00:00
98,2016,9,5,2,0.01,1.52,47.58,102.85,150.42,17.61,42.34,34.56,0.0,73.4,21.68,25.72,0.0,0.14,17.7,0.78,0.04,2016-09-05 02:00:00
99,2016,9,5,3,0.01,1.49,47.44,102.6,150.04,17.5,35.89,21.84,0.0,73.88,21.41,25.64,0.0,0.11,17.66,0.74,0.02,2016-09-05 03:00:00
100,2016,9,5,4,0.01,1.46,47.93,103.5,151.43,16.53,40.96,19.14,0.0,74.12,21.27,25.91,0.0,0.09,17.82,0.81,0.02,2016-09-05 04:00:00
101,2016,9,5,5,0.01,1.43,48.17,103.95,152.13,14.49,41.15,31.02,0.0,74.59,20.99,26.04,0.0,0.1,17.7,0.38,0.03,2016-09-05 05:00:00
102,2016,9,5,6,0.02,1.41,49.43,106.29,155.72,13.42,47.81,26.13,0.0,74.71,21.0,26.72,5.53,0.22,17.59,0.94,0.06,2016-09-05 06:00:00
103,2016,9,5,7,0.02,1.41,48.94,105.37,154.31,15.12,49,37.02,0.0,71.49,22.24,26.45,80.82,0.21,17.46,1.06,0.06,2016-09-05 07:00:00
104,2016,9,5,8,0.03,1.41,47.38,102.48,149.86,17.83,61.76,54.45,0.0,60.06,25.92,25.61,248.43,0.19,17.29,1.6,0.05,2016-09-05 08:00:00
105,2016,9,5,9,0.01,1.42,46.35,100.56,146.9,19.32,52.93,48.41,0.0,52.72,27.99,25.05,401.58,0.11,17.11,1.94,0.04,2016-09-05 09:00:00
106,2016,9,5,10,0.01,1.43,48.48,104.52,153.0,20.62,51,34.98,0.0,47.69,29.33,26.2,542.3,0.14,17.99,2.58,0.04,2016-09-05 10:00:00
107,2016,9,5,11,0.01,1.41,46.9,101.59,148.5,20.85,55.25,36.43,0.0,46.13,30.27,25.35,526.4,0.12,17.47,2.54,0.03,2016-09-05 11:00:00
108,2016,9,5,12,0.01,1.4,46.21,100.3,146.5,21.98,50.89,27.56,0.0,43.7,30.97,24.98,614.79,0.14,17.59,2.62,0.03,2016-09-05 12:00:00
109,2016,9,5,13,0.01,1.41,49.32,106.09,155.42,21.4,46.6,39.74,0.0,43.98,30.94,26.66,450.85,0.11,17.53,2.41,0.05,2016-09-05 13:00:00
110,2016,9,5,14,0.01,1.41,49.22,105.9,155.12,20.4,54.51,23.97,0.0,42.44,31.2,26.61,428.25,0.12,17.4,2.56,0.04,2016-09-05 14:00:00
111,2016,9,5,15,0.01,1.4,48.3,104.2,152.5,19.84,52.6,38.17,0.0,42.94,31.19,26.11,408.05,0.1,17.12,2.57,0.03,2016-09-05 15:00:00
112,2016,9,5,16,0.01,1.39,48.47,104.51,152.97,21.59,53.7,34.13,0.0,51.77,28.5,26.2,286.64,0.11,17.37,3.16,0.03,2016-09-05 16:00:00
113,2016,9,5,17,0.01,1.38,49.65,106.71,156.36,19.81,36.13,28.71,0.0,54.76,28.06,26.84,153.1,0.08,17.23,2.43,0.03,2016-09-05 17:00:00
114,2016,9,5,18,0.02,1.36,48.89,105.29,154.18,19.37,40.66,20.27,0.0,60.63,25.73,26.43,24.72,0.13,17.0,1.87,0.05,2016-09-05 18:00:00
115,2016,9,5,19,0.02,1.36,49.48,106.4,155.88,15.91,44.55,40.46,0.0,65.37,24.26,26.75,0.59,0.29,17.05,1.2,0.07,2016-09-05 19:00:00
116,2016,9,5,20,0.05,1.39,46.84,101.48,148.32,13.91,58.61,44.86,0.0,67.06,23.52,25.32,0.0,0.8,17.16,1.12,0.24,2016-09-05 20:00:00
117,2016,9,5,21,0.05,1.44,45.88,99.69,145.57,13.99,54.19,45.86,0.0,68.47,22.96,24.8,0.0,0.71,17.3,1.03,0.25,2016-09-05 21:00:00
118,2016,9,5,22,0.03,1.46,47.15,102.06,149.21,14.01,53,31.41,0.0,69.36,22.42,25.49,0.01,0.54,17.24,0.97,0.18,2016-09-05 22:00:00
119,2016,9,5,23,0.03,1.49,49.13,105.74,154.88,14.19,52.15,34.16,0.0,70.32,22.03,26.56,0.0,0.47,17.16,0.84,0.16,2016-09-05 23:00:00
120,2016,9,6,0,0.03,1.5,48.57,104.69,153.25,13.77,50.3,44.37,0.0,72.4,21.57,26.25,0.0,0.35,17.33,0.46,0.11,2016-09-06 00:00:00
121,2016,9,6,1,0.01,1.49,47.75,103.18,150.93,15.39,43.18,33.12,0.0,73.47,21.28,25.81,0.0,0.22,17.4,0.41,0.06,2016-09-06 01:00:00
122,2016,9,6,2,0.01,1.47,48.28,104.15,152.43,16.91,36.04,32.72,0.0,74.54,21.06,26.1,0.0,0.12,17.58,0.4,0.03,2016-09-06 02:00:00
123,2016,9,6,3,0.01,1.45,46.83,101.46,148.29,15.54,33.3,25.27,0.0,75.37,20.89,25.31,0.0,0.08,17.74,0.3,0.03,2016-09-06 03:00:00
124,2016,9,6,4,0.01,1.41,47.96,103.56,151.51,14.92,33,21.42,0.0,75.73,21.06,25.92,0.0,0.14,17.72,0.3,0.04,2016-09-06 04:00:00
125,2016,9,6,5,0.01,1.39,47.32,102.37,149.69,16.11,33,26.15,0.0,76.21,21.17,25.58,0.0,0.13,17.81,0.55,0.04,2016-09-06 05:00:00
126,2016,9,6,6,0.01,1.37,47.55,102.79,150.33,13.93,37.25,30.43,0.0,76.66,21.13,25.7,5.47,0.12,17.74,0.48,0.03,2016-09-06 06:00:00
127,2016,9,6,7,0.03,1.38,48.05,103.73,151.78,13.69,48.22,25.85,0.0,74.53,22.32,25.97,80.85,0.25,17.74,0.57,0.06,2016-09-06 07:00:00
128,2016,9,6,8,0.06,1.41,44.73,97.55,142.28,16.24,68.74,56.77,0.0,61.69,25.94,24.18,255.24,0.38,17.17,1.35,0.11,2016-09-06 08:00:00
129,2016,9,6,9,0.04,1.45,47.4,102.52,149.93,18.53,58.39,44.83,0.0,53.7,28.08,25.62,322.05,0.31,17.68,1.72,0.07,2016-09-06 09:00:00
130,2016,9,6,10,0.04,1.46,48.26,104.11,152.36,20.06,50.89,23.97,0.0,50.23,28.98,26.08,426.45,0.41,17.2,2.24,0.1,2016-09-06 10:00:00
131,2016,9,6,11,0.04,1.47,51.92,110.93,162.85,21.29,53.4,45.9,0.0,47.78,29.93,28.07,567.97,0.51,17.3,2.4,0.16,2016-09-06 11:00:00
132,2016,9,6,12,0.03,1.48,48.21,104.03,152.24,20.06,58.25,50,0.0,42.19,32.06,26.06,611.06,0.58,17.48,2.2,0.17,2016-09-06 12:00:00
133,2016,9,6,13,0.03,1.49,50.97,109.16,160.14,19.6,58.15,37.98,0.0,42.99,31.63,27.55,483.96,0.48,17.48,2.29,0.15,2016-09-06 13:00:00
134,2016,9,6,14,0.03,1.5,52.65,112.29,164.95,19.48,60.55,40.29,0.0,43.8,31.03,28.46,478.36,0.48,17.49,2.81,0.14,2016-09-06 14:00:00
135,2016,9,6,15,0.03,1.5,49.13,105.74,154.86,19.04,58.44,53.02,0.0,44.14,31.22,26.56,442.03,0.34,17.79,2.73,0.12,2016-09-06 15:00:00
136,2016,9,6,16,0.02,1.52,50.51,108.3,158.8,18.41,53.75,43.83,0.0,46.61,30.0,27.3,270.41,0.28,17.55,2.68,0.1,2016-09-06 16:00:00
137,2016,9,6,17,0.03,1.53,50.41,108.12,158.53,18.68,53,25.69,0.0,49.62,28.86,27.25,154.19,0.36,17.49,2.54,0.12,2016-09-06 17:00:00
138,2016,9,6,18,0.03,1.52,49.56,106.53,156.09,18.76,48.75,32.44,0.0,56.66,26.21,26.79,30.13,0.41,17.26,2.15,0.14,2016-09-06 18:00:00
139,2016,9,6,19,0.05,1.51,49.53,106.49,156.02,15.02,52.25,22.84,0.0,62.1,24.65,26.77,1.05,0.62,17.15,1.3,0.22,2016-09-06 19:00:00
140,2016,9,6,20,0.11,1.56,51.09,109.38,160.48,13.27,61.52,44.18,0.0,65.3,23.8,27.62,0.0,1.43,17.18,1.05,0.57,2016-09-06 20:00:00
141,2016,9,6,21,0.05,1.63,46.99,101.76,148.75,13.69,58.75,56.59,0.0,67.7,23.17,25.4,0.0,1.23,17.11,1.09,0.49,2016-09-06 21:00:00
142,2016,9,6,22,0.05,1.66,42.36,93.14,135.5,13.96,54.59,29.67,0.0,69.86,22.82,22.9,0.0,0.77,17.32,0.89,0.28,2016-09-06 22:00:00
143,2016,9,6,23,0.05,1.65,47.6,102.89,150.49,14.67,46.34,27.58,0.0,71.87,22.32,25.73,0.0,0.79,17.1,1.01,0.22,2016-09-06 23:00:00
144,2016,9,7,0,0.02,1.67,48.66,104.87,153.53,14.58,41.6,21.19,0.0,73.31,22.01,26.31,0.0,0.4,17.37,0.82,0.1,2016-09-07 00:00:00
145,2016,9,7,1,0.01,1.63,48.1,103.82,151.93,16.76,40.15,33.74,0.0,73.7,21.88,26.0,0.0,0.42,17.28,0.91,0.06,2016-09-07 01:00:00
146,2016,9,7,2,0.01,1.59,48.44,104.45,152.88,18.69,33.19,29.13,0.0,72.46,22.03,26.18,0.0,0.16,17.18,1.16,0.03,2016-09-07 02:00:00
147,2016,9,7,3,0.01,1.57,49.65,106.7,156.35,18.81,25.19,10.83,0.0,72.36,21.8,26.84,0.0,0.09,17.33,0.28,0.02,2016-09-07 03:00:00
148,2016,9,7,4,0.01,1.53,48.9,105.31,154.22,18.11,29.96,27.75,0.0,74.96,21.34,26.43,0.01,0.07,17.57,0.28,0.02,2016-09-07 04:00:00
149,2016,9,7,5,0.01,1.48,47.84,103.34,151.18,15.03,28.44,24.12,0.0,75.83,21.03,25.86,0.0,0.09,17.64,0.28,0.03,2016-09-07 05:00:00
150,2016,9,7,6,0.02,1.45,49.29,106.03,155.31,13.38,40.76,33.3,0.0,75.4,21.15,26.64,3.68,0.15,17.6,0.28,0.04,2016-09-07 06:00:00
151,2016,9,7,7,0.05,1.47,49.64,106.69,156.33,14.03,54.91,34.14,0.0,72.92,22.3,26.83,72.28,0.28,17.37,0.28,0.05,2016-09-07 07:00:00
152,2016,9,7,8,0.06,1.48,48.13,103.88,152.02,15.18,80,55.49,0.0,59.9,25.79,26.02,213.91,0.38,17.29,1.11,0.1,2016-09-07 08:00:00
153,2016,9,7,9,0.04,1.49,47.34,102.4,149.75,17.22,61.85,45.25,0.0,54.71,26.91,25.59,296.73,0.42,17.3,1.71,0.12,2016-09-07 09:00:00
154,2016,9,7,10,0.04,1.52,50.04,107.43,157.47,18.35,52.89,35.26,0.0,47.48,28.99,27.05,452.79,0.53,17.27,2.02,0.15,2016-09-07 10:00:00
155,2016,9,7,11,0.05,1.55,48.75,105.03,153.78,18.4,57.11,42.59,0.0,42.56,30.94,26.35,556.2,0.78,17.43,1.9,0.22,2016-09-07 11:00:00
156,2016,9,7,12,0.04,1.56,50.32,107.94,158.25,20.03,54.59,29.39,0.0,39.91,31.97,27.2,599.36,0.79,17.61,1.93,0.21,2016-09-07 12:00:00
157,2016,9,7,13,0.02,1.57,53.34,113.55,166.89,19.44,57.41,12.39,0.0,39.24,32.29,28.83,572.57,0.67,17.91,2.39,0.18,2016-09-07 13:00:00
158,2016,9,7,14,0.03,1.59,52.14,111.33,163.48,19.1,51.19,21.17,0.0,40.07,31.67,28.18,470.11,0.44,17.8,2.49,0.13,2016-09-07 14:00:00
159,2016,9,7,15,0.02,1.59,51.84,110.76,162.6,18.08,55.11,36.75,0.0,40.03,31.81,28.02,493.45,0.44,17.41,2.5,0.12,2016-09-07 15:00:00
160,2016,9,7,16,0.01,1.57,50.62,108.51,159.12,18.99,49.21,24.47,0.0,45.97,30.24,27.36,305.1,0.43,17.31,2.61,0.12,2016-09-07 16:00:00
161,2016,9,7,17,0.02,1.54,51.99,111.06,163.05,19.03,42.06,7.47,0.0,51.08,28.2,28.1,140.74,0.37,17.39,2.22,0.1,2016-09-07 17:00:00
162,2016,9,7,18,0.03,1.55,52.59,112.17,164.76,18.36,46.94,36.62,0.0,55.8,26.59,28.43,35.08,0.42,17.28,2.13,0.11,2016-09-07 18:00:00
163,2016,9,7,19,0.04,1.54,51.5,110.14,161.64,15.61,50.54,47.98,0.0,60.98,24.96,27.84,0.44,0.73,17.19,1.61,0.25,2016-09-07 19:00:00
164,2016,9,7,20,0.04,1.55,47.31,102.34,149.65,16.07,52.7,50.71,0.0,64.85,24.23,25.57,0.0,0.9,17.03,1.62,0.3,2016-09-07 20:00:00
165,2016,9,7,21,0.03,1.59,48.92,105.34,154.26,15.11,41.97,33.91,0.0,75.7,21.96,26.44,0.02,0.45,17.36,1.37,0.18,2016-09-07 21:00:00
166,2016,9,7,22,0.03,1.59,49.48,106.39,155.88,13.37,23.89,26.73,0.0,74.82,22.19,26.75,0.01,0.42,17.57,0.68,0.15,2016-09-07 22:00:00
167,2016,9,7,23,0.03,1.59,48.74,105.02,153.76,13.46,28.63,22.58,0.0,73.06,22.48,26.35,0.02,0.6,17.19,1.06,0.2,2016-09-07 23:00:00
168,2016,9,8,0,0.02,1.59,49.25,105.96,155.21,16.3,25.76,12.6,0.0,71.7,22.46,26.62,0.02,0.31,17.16,1.22,0.11,2016-09-08 00:00:00
169,2016,9,8,1,0.02,1.58,49.18,105.83,155.01,16.66,27.55,34.93,0.0,71.98,22.54,26.59,0.0,0.13,17.28,0.28,0.04,2016-09-08 01:00:00
170,2016,9,8,2,0.01,1.55,48.36,104.3,152.66,17.54,29.7,27.89,0.0,72.32,22.55,26.14,0.0,0.06,17.33,0.28,0.03,2016-09-08 02:00:00
171,2016,9,8,3,0.01,1.51,48.63,104.81,153.43,17.23,24.06,28.56,0.0,74.82,21.93,26.29,0.0,0.04,17.53,0.28,0.02,2016-09-08 03:00:00
172,2016,9,8,4,0.0,1.48,47.55,102.79,150.34,17.48,20.46,31.56,0.0,74.41,21.66,25.7,0.0,0.05,17.48,0.28,0.02,2016-09-08 04:00:00
173,2016,9,8,5,0.01,1.46,47.2,102.16,149.36,16.33,23.39,25.17,0.0,73.84,21.34,25.52,0.01,0.04,17.41,0.28,0.02,2016-09-08 05:00:00
174,2016,9,8,6,0.02,1.42,51.13,109.45,160.58,13.55,28.24,28.27,0.0,74.33,21.08,27.64,5.3,0.11,17.47,0.28,0.02,2016-09-08 06:00:00
175,2016,9,8,7,0.02,1.42,50.26,107.84,158.11,13.57,48.51,29,0.0,72.94,22.21,27.17,73.72,0.23,17.34,0.28,0.05,2016-09-08 07:00:00
176,2016,9,8,8,0.03,1.46,50.74,108.73,159.47,16.29,66.42,41.81,0.0,62.91,25.61,27.43,230.55,0.36,17.3,1.5,0.1,2016-09-08 08:00:00
177,2016,9,8,9,0.02,1.49,50.49,108.27,158.77,19.1,54.58,35.46,0.0,57.35,27.01,27.29,379.01,0.25,17.56,2.37,0.07,2016-09-08 09:00:00
178,2016,9,8,10,0.03,1.5,47.65,102.99,150.64,18.73,45.21,43.39,0.0,47.93,29.69,25.76,512.32,0.38,17.61,2.15,0.1,2016-09-08 10:00:00
179,2016,9,8,11,0.03,1.51,46.75,101.31,148.06,20.14,46.52,33.99,0.0,43.16,31.08,25.27,618.95,0.42,17.37,2.19,0.12,2016-09-08 11:00:00
180,2016,9,8,12,0.04,1.53,51.02,109.24,160.26,20.42,45.3,34.58,0.0,39.29,32.03,27.58,653.02,0.47,17.68,2.36,0.12,2016-09-08 12:00:00
181,2016,9,8,13,0.02,1.53,49.81,106.99,156.79,20.25,49.26,24.69,0.0,38.44,32.17,26.92,605.08,0.4,16.97,2.58,0.12,2016-09-08 13:00:00
182,2016,9,8,14,0.02,1.51,50.01,107.38,157.39,20.89,38.93,20.42,0.0,42.21,32.0,27.03,543.28,0.37,17.88,2.69,0.11,2016-09-08 14:00:00
183,2016,9,8,15,0.03,1.5,50.61,108.49,159.1,18.67,43.81,30.3,0.0,46.5,30.46,27.36,302.45,0.38,17.38,2.02,0.11,2016-09-08 15:00:00
184,2016,9,8,16,0.03,1.51,51.34,109.85,161.2,19.69,46.7,38.87,0.0,51.84,28.44,27.75,216.86,0.4,17.25,2.35,0.12,2016-09-08 16:00:00
185,2016,9,8,17,0.03,1.5,49.82,107.02,156.85,17.8,41.88,36.57,0.0,58.6,26.54,26.93,109.53,0.32,17.51,1.87,0.08,2016-09-08 17:00:00
186,2016,9,8,18,0.03,1.5,51.11,109.41,160.52,17.37,40.15,31.71,0.0,63.15,25.31,27.63,17.39,0.45,17.33,1.65,0.15,2016-09-08 18:00:00
187,2016,9,8,19,0.03,1.51,50.45,108.19,158.65,15.87,42.56,35.29,0.0,66.7,24.02,27.27,0.2,0.62,16.85,1.25,0.19,2016-09-08 19:00:00
188,2016,9,8,20,0.06,1.52,50.87,108.96,159.83,14.88,44.71,45.44,0.0,68.95,23.46,27.5,0.03,0.66,17.22,1.0,0.22,2016-09-08 20:00:00
189,2016,9,8,21,0.05,1.53,52.52,112.04,164.55,13.57,37.34,31.55,0.0,70.15,23.18,28.39,0.01,0.71,16.93,1.11,0.24,2016-09-08 21:00:00
190,2016,9,8,22,0.05,1.57,50.02,107.38,157.4,13.44,47.92,41.88,0.0,71.04,22.81,27.04,0.0,0.86,17.27,0.99,0.31,2016-09-08 22:00:00
191,2016,9,8,23,0.05,1.61,48.08,103.78,151.86,14.01,44.04,42.28,0.0,71.52,22.41,25.99,0.0,0.57,17.26,0.71,0.18,2016-09-08 23:00:00
192,2016,9,9,0,0.04,1.59,49.15,105.77,154.91,15.3,40.45,32.63,0.0,72.61,22.21,26.57,0.01,0.5,17.35,0.96,0.13,2016-09-09 00:00:00
193,2016,9,9,1,0.02,1.58,47.69,103.05,150.74,15.75,36.59,17.26,0.0,73.83,22.03,25.78,0.0,0.19,17.38,0.76,0.06,2016-09-09 01:00:00
194,2016,9,9,2,0.01,1.56,47.66,103.0,150.66,16.55,31.74,30.45,0.0,73.39,22.09,25.76,0.0,0.1,17.47,0.75,0.04,2016-09-09 02:00:00
195,2016,9,9,3,0.01,1.53,47.62,102.92,150.54,16.2,29.3,18.41,0.0,72.72,22.14,25.74,0.0,0.1,17.32,0.5,0.04,2016-09-09 03:00:00
196,2016,9,9,4,0.01,1.5,48.4,104.38,152.78,15.85,31.56,16,0.0,73.99,22.03,26.16,0.0,0.13,17.5,0.48,0.05,2016-09-09 04:00:00
197,2016,9,9,5,0.01,1.48,47.34,102.4,149.74,14.7,28.59,19.43,0.0,75.94,21.73,25.59,0.0,0.42,17.87,0.59,0.05,2016-09-09 05:00:00
198,2016,9,9,6,0.02,1.46,45.99,99.9,145.89,12.93,28.85,24.29,0.0,76.22,21.41,24.86,4.77,0.19,17.89,0.65,0.03,2016-09-09 06:00:00
199,2016,9,9,7,0.04,1.45,48.04,103.71,151.75,13.42,40.07,31.87,0.0,72.71,22.37,25.97,67.11,0.21,17.36,1.03,0.06,2016-09-09 07:00:00
200,2016,9,9,8,0.04,1.46,46.54,100.91,147.45,15.41,49.67,48.45,0.0,60.54,26.27,25.15,245.47,0.29,17.24,1.26,0.09,2016-09-09 08:00:00
201,2016,9,9,9,0.04,1.49,47.9,103.45,151.34,17.98,73.14,60.44,0.0,53.28,28.75,25.89,385.88,0.34,17.39,1.62,0.1,2016-09-09 09:00:00
202,2016,9,9,10,0.03,1.52,47.06,101.89,148.95,19.68,60.82,50.84,0.0,47.7,30.71,25.44,478.66,0.37,17.65,1.67,0.11,2016-09-09 10:00:00
203,2016,9,9,11,0.03,1.53,44.92,97.92,142.84,21.49,53.78,35.39,0.0,44.99,31.37,24.28,518.53,0.42,17.6,2.02,0.1,2016-09-09 11:00:00
204,2016,9,9,12,0.02,1.53,47.22,102.19,149.41,23.31,49.62,33,0.0,41.23,32.9,25.53,655.23,0.37,17.81,1.83,0.11,2016-09-09 12:00:00
205,2016,9,9,13,0.03,1.55,49.54,106.5,156.04,24.18,56.6,42.37,0.0,41.78,32.61,26.78,463.92,0.42,17.69,2.0,0.12,2016-09-09 13:00:00
206,2016,9,9,14,0.02,1.54,49.77,106.92,156.7,25.99,50.4,34.64,0.0,42.47,32.21,26.9,436.99,0.44,17.45,1.98,0.11,2016-09-09 14:00:00
207,2016,9,9,15,0.02,1.53,51.31,109.8,161.11,27.94,53.22,22.79,0.0,46.05,31.63,27.74,320.21,0.33,17.83,2.11,0.09,2016-09-09 15:00:00
208,2016,9,9,16,0.03,1.53,53.39,113.66,167.05,26.57,59.06,30.36,0.0,51.62,29.58,28.86,197.22,0.34,17.27,2.15,0.1,2016-09-09 16:00:00
209,2016,9,9,17,0.03,1.53,51.38,109.92,161.3,27.42,52.4,20.09,0.0,53.58,29.07,27.77,145.56,0.37,17.43,1.9,0.11,2016-09-09 17:00:00
210,2016,9,9,18,0.04,1.53,50.38,108.07,158.45,27.06,56.06,37.4,0.0,61.15,26.01,27.24,17.92,0.53,17.0,2.08,0.45,2016-09-09 18:00:00
211,2016,9,9,19,0.03,1.51,51.07,109.34,160.42,20.77,49.4,39.31,0.0,65.79,24.32,27.61,0.46,0.4,17.37,1.63,0.27,2016-09-09 19:00:00
212,2016,9,9,20,0.04,1.54,48.02,103.68,151.7,18.24,40.4,30.56,0.0,67.88,23.69,25.96,0.0,0.5,17.04,1.15,0.18,2016-09-09 20:00:00
213,2016,9,9,21,0.04,1.57,46.28,100.43,146.71,17.64,39,47.56,0.0,68.99,23.42,25.01,0.0,0.58,16.95,0.96,0.2,2016-09-09 21:00:00
214,2016,9,9,22,0.05,1.57,48.8,105.12,153.93,15.92,39.84,25.69,0.0,69.53,23.15,26.38,0.0,0.66,17.07,0.58,0.2,2016-09-09 22:00:00
215,2016,9,9,23,0.03,1.58,50.87,108.98,159.85,15.93,39.16,36.18,0.0,70.3,22.81,27.5,0.0,0.53,17.05,0.63,0.19,2016-09-09 23:00:00
216,2016,9,10,0,0.03,1.6,50.15,107.63,157.77,18.12,33.98,30.56,0.0,71.98,22.64,27.11,0.0,0.32,17.32,0.93,0.12,2016-09-10 00:00:00
217,2016,9,10,1,0.02,1.58,48.87,105.26,154.14,17.34,31.31,21.41,0.0,73.12,22.27,26.42,0.0,0.17,17.49,0.78,0.05,2016-09-10 01:00:00
218,2016,9,10,2,0.02,1.55,48.64,104.82,153.46,17.56,25.94,24.22,0.0,73.34,21.98,26.29,0.0,0.14,17.44,0.52,0.04,2016-09-10 02:00:00
219,2016,9,10,3,0.01,1.54,49.97,107.3,157.27,17.47,27.53,23.31,0.0,73.73,21.87,27.01,0.0,0.09,17.47,0.62,0.03,2016-09-10 03:00:00
220,2016,9,10,4,0.01,1.5,49.81,106.99,156.8,17.28,24.62,34.81,0.0,74.33,21.78,26.92,0.0,0.07,17.46,0.66,0.03,2016-09-10 04:00:00
221,2016,9,10,5,0.01,1.47,49.66,106.71,156.36,16.41,23.16,28.56,0.0,75.69,21.65,26.84,0.0,0.09,17.46,0.83,0.03,2016-09-10 05:00:00
222,2016,9,10,6,0.02,1.45,48.02,103.68,151.7,13.63,23.84,10.97,0.0,75.67,21.49,25.96,3.56,0.1,17.44,0.34,0.03,2016-09-10 06:00:00
223,2016,9,10,7,0.06,1.44,48.17,103.94,152.11,13.42,43.41,35.84,0.0,74.03,22.44,26.04,46.51,0.29,17.32,0.68,0.08,2016-09-10 07:00:00
224,2016,9,10,8,0.04,1.47,47.43,102.57,150.0,15.47,65.57,54.5,0.0,69.84,24.02,25.64,111.68,0.35,17.29,1.16,0.1,2016-09-10 08:00:00
225,2016,9,10,9,0.03,1.47,48.1,103.83,151.93,19.9,63.94,41.82,0.0,57.17,27.78,26.0,332.95,0.34,17.61,1.62,0.1,2016-09-10 09:00:00
226,2016,9,10,10,0.04,1.51,49.18,105.83,155.02,20.98,59.64,37.31,0.0,53.24,28.52,26.58,317.55,0.44,17.48,1.89,0.14,2016-09-10 10:00:00
227,2016,9,10,11,0.03,1.54,48.97,105.44,154.42,20.9,55.61,39.56,0.0,50.16,29.5,26.47,385.06,0.39,17.43,1.86,0.11,2016-09-10 11:00:00
228,2016,9,10,12,0.03,1.54,48.65,104.84,153.49,22.71,54.15,22.07,0.0,40.99,32.49,26.29,637.94,0.55,17.78,1.92,0.19,2016-09-10 12:00:00
229,2016,9,10,13,0.03,1.55,48.41,104.4,152.81,23.69,47.21,37.65,0.0,37.66,33.87,26.17,608.39,0.46,17.76,1.77,0.12,2016-09-10 13:00:00
230,2016,9,10,14,0.03,1.55,51.08,109.37,160.44,24.45,48.55,33.38,0.0,40.21,33.23,27.61,321.31,0.41,17.59,1.16,0.12,2016-09-10 14:00:00
231,2016,9,10,15,0.06,1.57,51.3,109.77,161.07,25.6,55.79,49.79,0.0,51.36,29.43,27.73,208.12,0.73,17.52,2.26,0.26,2016-09-10 15:00:00
232,2016,9,10,16,0.03,1.55,50.73,108.7,159.43,23.73,44.28,36.9,0.0,50.21,29.86,27.42,327.01,0.27,17.47,2.6,0.11,2016-09-10 16:00:00
233,2016,9,10,17,0.03,1.56,51.27,109.71,160.98,23.18,42.85,39.08,0.0,55.31,28.23,27.71,156.54,0.26,17.26,2.17,0.09,2016-09-10 17:00:00
234,2016,9,10,18,0.02,1.55,50.38,108.07,158.46,20.85,43,38.31,0.0,59.46,25.88,27.23,34.55,0.33,17.17,1.89,0.1,2016-09-10 18:00:00
235,2016,9,10,19,0.04,1.54,51.2,109.58,160.78,18.62,46.39,20.21,0.0,65.39,24.34,27.67,0.78,0.47,17.11,1.63,0.17,2016-09-10 19:00:00
236,2016,9,10,20,0.05,1.53,52.5,112.01,164.51,15.15,39.37,28.01,0.0,66.5,24.0,28.38,0.01,0.43,16.88,1.21,0.23,2016-09-10 20:00:00
237,2016,9,10,21,0.04,1.58,49.34,106.11,155.45,13.85,40.54,38.47,0.0,67.14,23.42,26.66,0.01,0.77,17.04,0.72,0.34,2016-09-10 21:00:00
238,2016,9,10,22,0.06,1.63,49.65,106.71,156.36,13.42,41,39.15,0.0,69.66,23.17,26.84,0.01,0.86,17.18,0.86,0.36,2016-09-10 22:00:00
239,2016,9,10,23,0.04,1.65,53.07,113.07,166.14,13.71,44.39,47.47,0.0,71.13,22.95,28.69,0.01,0.65,17.17,1.17,0.29,2016-09-10 23:00:00
240,2016,9,11,0,0.04,1.67,51.05,109.31,160.36,13.66,40.76,43.92,0.0,71.68,22.63,27.59,0.01,0.5,17.07,0.81,0.2,2016-09-11 00:00:00
241,2016,9,11,1,0.03,1.69,49.98,107.32,157.3,14.07,34.91,41.31,0.0,71.38,22.75,27.02,0.01,0.34,17.26,0.81,0.13,2016-09-11 01:00:00
242,2016,9,11,2,0.02,1.67,49.82,107.02,156.83,14.46,33.15,35.07,0.0,71.69,22.47,26.93,0.0,0.15,17.2,0.69,0.05,2016-09-11 02:00:00
243,2016,9,11,3,0.02,1.64,47.87,103.39,151.25,15.32,32.15,24.68,0.0,72.78,22.29,25.87,0.01,0.13,17.25,0.75,0.05,2016-09-11 03:00:00
244,2016,9,11,4,0.01,1.62,47.4,102.51,149.91,15.05,25.21,17.92,0.0,73.39,22.3,25.62,0.0,0.09,17.3,0.82,0.04,2016-09-11 04:00:00
245,2016,9,11,5,0.02,1.58,49.47,106.37,155.83,14.35,27.39,28.86,0.0,73.98,21.9,26.74,0.0,0.09,17.44,0.63,0.03,2016-09-11 05:00:00
246,2016,9,11,6,0.02,1.55,48.15,103.92,152.08,13.37,28.85,26.76,0.0,74.97,21.59,26.03,2.78,0.11,17.51,0.69,0.04,2016-09-11 06:00:00
247,2016,9,11,7,0.04,1.54,48.52,104.61,153.14,13.62,33.24,34.47,0.0,73.62,22.4,26.23,58.66,0.15,17.35,0.74,0.04,2016-09-11 07:00:00
248,2016,9,11,8,0.03,1.54,48.78,105.09,153.87,15.61,40.79,41.93,0.0,62.48,25.83,26.37,222.14,0.17,17.31,1.06,0.04,2016-09-11 08:00:00
249,2016,9,11,9,0.02,1.54,49.69,106.77,156.46,17.91,42,39.61,0.0,57.76,27.44,26.86,313.02,0.14,17.42,1.66,0.05,2016-09-11 09:00:00
250,2016,9,11,10,0.02,1.53,47.09,101.93,149.02,20.3,40.3,27.98,0.0,51.72,29.74,25.45,427.01,0.14,17.52,1.59,0.03,2016-09-11 10:00:00
251,2016,9,11,11,0.02,1.54,49.21,105.88,155.1,22.11,36.61,43.81,0.0,48.01,30.89,26.6,409.15,0.16,17.54,1.6,0.05,2016-09-11 11:00:00
252,2016,9,11,12,0.02,1.54,49.33,106.1,155.43,23.07,40.24,36.83,0.0,50.16,29.41,26.66,197.35,0.21,17.39,1.64,0.08,2016-09-11 12:00:00
253,2016,9,11,13,0.02,1.53,49.81,107.01,156.83,23.83,41,35.85,0.0,51.63,28.98,26.92,169.4,0.29,17.22,1.61,0.09,2016-09-11 13:00:00
254,2016,9,11,14,0.03,1.53,51.21,109.61,160.82,19.81,41.85,36,0.25,68.65,25.42,27.68,79.31,0.22,17.96,1.52,0.09,2016-09-11 14:00:00
255,2016,9,11,15,0.03,1.53,50.56,108.39,158.95,19.08,38.61,39.39,0.0,68.83,25.53,27.33,159.4,0.48,17.65,2.06,0.23,2016-09-11 15:00:00
256,2016,9,11,16,0.02,1.52,49.36,106.16,155.51,21.85,38.85,36.61,0.0,62.58,26.28,26.68,180.34,0.23,17.71,2.2,0.08,2016-09-11 16:00:00
257,2016,9,11,17,0.02,1.51,49.81,107.0,156.82,20.95,26.28,27.52,0.0,62.83,24.72,26.93,62.56,0.16,17.49,1.94,0.05,2016-09-11 17:00:00
258,2016,9,11,18,0.03,1.52,50.72,108.69,159.41,18.03,27.39,14.13,0.0,64.3,24.22,27.42,25.04,0.28,17.41,1.47,0.1,2016-09-11 18:00:00
259,2016,9,11,19,0.03,1.52,51.59,110.31,161.91,14.91,35.63,12,0.0,64.25,23.78,27.88,0.31,0.41,17.23,0.8,0.16,2016-09-11 19:00:00
260,2016,9,11,20,0.08,1.55,49.89,107.15,157.04,15.27,45.48,35.73,0.0,65.85,23.75,26.97,0.01,0.87,17.3,1.36,0.37,2016-09-11 20:00:00
261,2016,9,11,21,0.06,1.61,50.43,108.16,158.59,15.16,46.15,28.98,0.0,68.56,23.39,27.26,0.01,0.7,17.36,1.07,0.29,2016-09-11 21:00:00
262,2016,9,11,22,0.04,1.68,50.15,107.64,157.79,14.86,47.7,30.39,0.0,67.06,23.41,27.11,0.05,0.83,16.93,1.05,0.36,2016-09-11 22:00:00
263,2016,9,11,23,0.05,1.7,53.03,112.99,166.02,14.98,42.91,25.07,0.0,68.0,23.08,28.67,0.03,0.72,17.13,0.64,0.32,2016-09-11 23:00:00
264,2016,9,12,0,0.04,1.71,51.84,110.78,162.63,14.35,39.45,34.18,0.0,70.92,22.61,28.02,0.02,0.5,17.24,0.65,0.21,2016-09-12 00:00:00
265,2016,9,12,1,0.03,1.72,49.55,106.51,156.06,15.4,37.3,25.82,0.0,73.01,22.51,26.78,0.01,0.36,17.46,0.89,0.15,2016-09-12 01:00:00
266,2016,9,12,2,0.02,1.69,49.66,106.72,156.39,15.77,34.45,29.08,0.0,74.09,22.6,26.85,0.01,0.16,17.57,0.61,0.06,2016-09-12 02:00:00
267,2016,9,12,3,0.01,1.65,50.0,107.36,157.37,15.98,34,20.6,0.0,73.75,22.65,27.03,0.01,0.1,17.46,0.36,0.04,2016-09-12 03:00:00
268,2016,9,12,4,0.01,1.63,50.66,108.58,159.24,16.42,32.3,25.84,0.0,73.82,22.64,27.38,0.01,0.09,17.52,0.28,0.03,2016-09-12 04:00:00
269,2016,9,12,5,0.01,1.58,50.27,107.84,158.1,15.85,27.76,15.03,0.0,74.02,22.72,27.17,0.02,0.09,17.6,0.39,0.02,2016-09-12 05:00:00
270,2016,9,12,6,0.02,1.54,48.34,104.27,152.61,14.46,32.09,24.87,0.0,74.54,22.75,26.13,1.08,0.11,17.7,0.39,0.03,2016-09-12 06:00:00
271,2016,9,12,7,0.03,1.55,50.71,108.66,159.37,14.06,38.09,29.54,0.0,73.78,23.28,27.41,52.26,0.16,17.49,0.65,0.05,2016-09-12 07:00:00
272,2016,9,12,8,0.05,1.55,50.24,107.81,158.05,13.93,52.58,41.88,0.0,67.15,25.07,27.16,145.52,0.27,17.3,0.88,0.09,2016-09-12 08:00:00
273,2016,9,12,9,0.03,1.57,48.36,104.31,152.67,16.59,60.94,34.68,0.0,55.07,28.82,26.14,381.54,0.3,17.49,1.35,0.11,2016-09-12 09:00:00
274,2016,9,12,10,0.03,1.58,49.79,106.97,156.76,19.33,51.83,34.7,0.0,49.61,30.43,26.92,530.67,0.37,17.23,1.61,0.12,2016-09-12 10:00:00
275,2016,9,12,11,0.03,1.61,48.09,103.8,151.88,23.01,47.45,39.24,0.0,43.81,31.9,25.99,633.22,0.4,17.41,1.9,0.1,2016-09-12 11:00:00
276,2016,9,12,12,0.04,1.62,49.03,105.55,154.58,23.9,50.39,23.05,0.0,36.54,34.5,26.5,632.85,0.48,17.84,1.43,0.16,2016-09-12 12:00:00
277,2016,9,12,13,0.05,1.62,50.83,108.89,159.72,21.76,54.39,36.1,0.0,34.96,34.5,27.47,633.4,0.68,17.83,1.86,0.22,2016-09-12 13:00:00
278,2016,9,12,14,0.04,1.62,51.55,110.24,161.79,24.07,48.22,36.46,0.0,38.03,33.32,27.87,447.98,0.62,17.54,1.87,0.2,2016-09-12 14:00:00
279,2016,9,12,15,0.03,1.62,51.81,110.72,162.53,22.86,47.85,30.07,0.0,35.4,34.1,28.0,517.94,0.38,17.88,2.07,0.12,2016-09-12 15:00:00
280,2016,9,12,16,0.03,1.6,51.51,110.15,161.66,24.85,48.85,27.3,0.0,46.42,31.28,27.84,325.48,0.42,17.99,2.71,0.16,2016-09-12 16:00:00
281,2016,9,12,17,0.03,1.62,51.03,109.25,160.28,25.59,47.3,33.78,0.0,48.68,29.24,27.58,142.97,0.35,17.42,2.27,0.14,2016-09-12 17:00:00
282,2016,9,12,18,0.04,1.63,51.01,109.23,160.23,21.65,42.76,40.09,0.0,63.07,26.2,27.57,21.97,0.4,17.48,2.16,0.15,2016-09-12 18:00:00
283,2016,9,12,19,0.04,1.62,51.5,110.15,161.65,17.76,40.3,40.15,0.0,66.24,24.91,27.84,0.22,0.53,17.17,1.75,0.19,2016-09-12 19:00:00
284,2016,9,12,20,0.04,1.64,48.82,105.15,153.97,15.0,41.7,30.68,0.0,67.17,24.53,26.39,0.0,0.72,17.03,1.04,0.29,2016-09-12 20:00:00
285,2016,9,12,21,0.05,1.67,46.71,101.24,147.94,14.04,43.7,26.46,0.0,70.72,23.96,25.25,0.01,0.69,17.16,0.94,0.33,2016-09-12 21:00:00
286,2016,9,12,22,0.06,1.74,53.39,113.66,167.05,12.82,45.7,32.78,0.0,71.45,23.78,28.86,0.0,0.84,17.27,0.83,0.37,2016-09-12 22:00:00
287,2016,9,12,23,0.04,1.76,51.45,110.04,161.48,13.99,44.3,17.9,0.0,73.34,23.49,27.81,0.0,0.65,17.55,0.8,0.29,2016-09-12 23:00:00
288,2016,9,13,0,0.03,1.76,49.88,107.13,157.01,14.49,34.66,24.33,0.0,75.45,23.06,26.96,0.0,0.34,17.95,0.78,0.17,2016-09-13 00:00:00
289,2016,9,13,1,0.02,1.74,49.35,106.15,155.5,14.6,27.07,19.22,0.0,75.24,22.94,26.68,0.0,0.24,17.68,0.62,0.1,2016-09-13 01:00:00
290,2016,9,13,2,0.01,1.72,49.95,107.26,157.21,15.48,26.85,25.64,0.0,74.17,23.0,27.0,0.0,0.14,17.58,0.58,0.05,2016-09-13 02:00:00
291,2016,9,13,3,0.01,1.68,49.37,106.19,155.56,15.57,21.06,21.06,0.0,74.71,22.75,26.69,0.0,0.09,17.73,0.31,0.04,2016-09-13 03:00:00
292,2016,9,13,4,0.01,1.65,50.2,107.73,157.93,15.41,20.85,18.29,0.0,74.99,22.78,27.14,0.0,0.07,17.78,0.4,0.03,2016-09-13 04:00:00
293,2016,9,13,5,0.01,1.62,48.39,104.35,152.74,15.96,17.6,18,0.0,75.37,22.43,26.15,0.0,0.08,17.82,0.52,0.03,2016-09-13 05:00:00
294,2016,9,13,6,0.01,1.57,49.06,105.6,154.66,13.77,22.09,34.24,0.0,76.44,22.2,26.52,6.67,0.31,17.95,0.31,0.03,2016-09-13 06:00:00
295,2016,9,13,7,0.04,1.55,48.3,104.2,152.5,13.81,34.02,29.31,0.0,74.3,23.18,26.11,68.82,0.2,17.63,0.45,0.05,2016-09-13 07:00:00
296,2016,9,13,8,0.05,1.56,47.36,102.45,149.82,16.56,57.2,49.37,0.0,59.27,27.31,25.6,253.99,0.31,17.09,0.98,0.09,2016-09-13 08:00:00
297,2016,9,13,9,0.04,1.61,50.2,107.74,157.94,18.76,55.91,35.91,0.0,46.77,30.64,27.14,418.44,0.34,17.36,1.34,0.11,2016-09-13 09:00:00
298,2016,9,13,10,0.03,1.62,50.25,107.81,158.05,22.01,47.36,25.31,0.0,43.74,31.71,27.16,492.25,0.4,17.6,1.36,0.13,2016-09-13 10:00:00
299,2016,9,13,11,0.03,1.62,49.98,107.32,157.3,25.43,44.3,24,0.0,40.24,33.07,27.02,566.33,0.42,17.63,1.71,0.14,2016-09-13 11:00:00
300,2016,9,13,12,0.03,1.64,50.99,109.2,160.19,23.66,50.78,30.84,0.0,40.82,32.66,27.56,392.84,0.35,17.76,1.58,0.13,2016-09-13 12:00:00
301,2016,9,13,13,0.04,1.65,51.79,110.69,162.48,19.79,44.37,11.49,0.0,42.21,32.8,28.0,394.73,0.39,17.78,1.4,0.13,2016-09-13 13:00:00
302,2016,9,13,14,0.03,1.62,52.84,112.62,165.46,19.63,43,18.26,0.0,44.21,31.98,28.56,295.32,0.37,17.48,1.53,0.12,2016-09-13 14:00:00
303,2016,9,13,15,0.03,1.63,56.47,119.38,175.85,22.2,39.61,29.4,0.0,45.37,31.16,30.53,219.97,0.38,17.43,1.39,0.15,2016-09-13 15:00:00
304,2016,9,13,16,0.03,1.64,53.85,114.51,168.36,25.98,48.34,48.95,0.0,46.54,30.29,29.11,150.19,0.45,17.43,1.52,0.17,2016-09-13 16:00:00
305,2016,9,13,17,0.03,1.62,51.45,110.05,161.5,21.38,45.76,48.58,0.0,61.23,27.38,27.81,48.91,0.38,17.19,1.96,0.14,2016-09-13 17:00:00
306,2016,9,13,18,0.02,1.63,50.08,107.5,157.58,21.78,40.76,30.91,0.0,64.3,26.09,27.07,11.31,0.4,17.3,1.9,0.15,2016-09-13 18:00:00
307,2016,9,13,19,0.04,1.63,49.08,105.65,154.73,19.31,43.39,38.26,0.0,67.57,25.32,26.53,0.57,0.54,17.23,1.5,0.2,2016-09-13 19:00:00
308,2016,9,13,20,0.06,1.65,47.83,103.32,151.14,19.66,38.06,24.62,0.0,69.74,24.69,25.85,0.0,0.64,17.32,1.76,0.28,2016-09-13 20:00:00
309,2016,9,13,21,0.03,1.66,41.93,92.35,134.28,18.17,25.13,17.73,0.0,72.58,24.16,22.67,0.0,0.42,17.35,1.14,0.2,2016-09-13 21:00:00
310,2016,9,13,22,0.04,1.69,46.12,100.13,146.25,15.55,28.09,14.44,0.0,71.55,24.24,24.93,0.0,0.53,17.19,1.1,0.22,2016-09-13 22:00:00
311,2016,9,13,23,0.03,1.68,48.17,103.96,152.13,15.73,22.22,19.98,0.0,71.74,24.01,26.04,0.0,0.41,17.21,0.97,0.19,2016-09-13 23:00:00
312,2016,9,14,0,0.02,1.68,46.1,100.1,146.21,14.05,22.7,19.3,0.0,70.5,23.87,24.92,0.0,0.31,17.09,0.87,0.14,2016-09-14 00:00:00
313,2016,9,14,1,0.02,1.69,48.36,104.3,152.66,14.79,28.08,31.82,0.0,70.54,23.81,26.14,0.0,0.23,17.38,0.85,0.09,2016-09-14 01:00:00
314,2016,9,14,2,0.02,1.68,48.22,104.05,152.27,14.12,30.7,14.34,0.0,70.98,23.58,26.07,0.0,0.13,17.13,0.53,0.07,2016-09-14 02:00:00
315,2016,9,14,3,0.01,1.64,48.28,104.16,152.45,16.29,26.76,18.69,0.0,70.85,23.48,26.1,0.0,0.11,17.19,0.77,0.05,2016-09-14 03:00:00
316,2016,9,14,4,0.01,1.63,47.65,102.98,150.62,15.74,18.37,20,0.0,70.86,23.4,25.76,0.0,0.07,17.18,0.84,0.04,2016-09-14 04:00:00
317,2016,9,14,5,0.01,1.58,47.93,103.51,151.44,14.97,16.15,15.73,0.0,71.94,23.3,25.91,0.0,0.06,17.26,0.49,0.03,2016-09-14 05:00:00
318,2016,9,14,6,0.01,1.54,48.36,104.3,152.66,12.84,21.94,17.56,0.0,71.28,23.34,26.14,1.35,0.1,17.23,0.57,0.03,2016-09-14 06:00:00
319,2016,9,14,7,0.03,1.54,48.94,105.4,154.34,12.51,34.02,26.55,0.0,70.2,23.68,26.46,24.99,0.16,17.23,0.73,0.05,2016-09-14 07:00:00
320,2016,9,14,8,0.06,1.56,48.34,104.26,152.59,12.88,44.48,28,0.0,67.69,24.57,26.13,66.33,0.71,17.2,0.77,0.28,2016-09-14 08:00:00
321,2016,9,14,9,0.06,1.59,50.44,108.18,158.62,13.09,73.98,41.67,0.0,66.01,25.32,27.27,105.19,1.07,17.18,1.25,0.48,2016-09-14 09:00:00
322,2016,9,14,10,0.06,1.63,50.36,108.02,158.39,13.75,65.44,35.45,0.0,62.17,26.85,27.22,197.96,0.99,17.28,1.04,0.46,2016-09-14 10:00:00
323,2016,9,14,11,0.06,1.68,49.3,106.05,155.34,17.0,55.37,35.71,0.0,59.79,27.82,26.65,222.9,0.83,17.21,1.41,0.36,2016-09-14 11:00:00
324,2016,9,14,12,0.05,1.68,48.46,104.49,152.95,17.42,49.76,34.29,0.0,60.08,28.1,26.19,184.83,0.63,17.51,1.05,0.25,2016-09-14 12:00:00
325,2016,9,14,13,0.07,1.7,48.07,103.76,151.83,18.91,53.24,46.82,0.0,58.64,28.52,25.98,216.13,0.92,17.45,1.27,0.38,2016-09-14 13:00:00
326,2016,9,14,14,0.05,1.72,50.48,108.24,158.71,21.74,42.13,31.05,0.0,55.82,29.16,27.28,230.68,0.59,17.42,1.48,0.22,2016-09-14 14:00:00
327,2016,9,14,15,0.05,1.7,51.47,110.09,161.57,20.84,48.48,43.38,0.0,56.47,29.15,27.82,214.64,0.58,17.47,1.54,0.22,2016-09-14 15:00:00
328,2016,9,14,16,0.07,1.73,52.13,111.32,163.45,19.95,55.09,48.56,0.0,58.38,28.54,28.18,122.18,0.85,17.27,1.41,0.32,2016-09-14 16:00:00
329,2016,9,14,17,0.05,1.76,50.72,108.69,159.41,18.46,63.63,26.78,0.0,63.43,27.07,27.42,27.4,0.88,17.54,1.71,0.37,2016-09-14 17:00:00
330,2016,9,14,18,0.06,1.78,50.25,107.81,158.06,17.67,60.76,37.53,0.0,71.73,25.13,27.16,4.96,0.83,17.65,1.41,0.39,2016-09-14 18:00:00
331,2016,9,14,19,0.06,1.8,50.09,107.52,157.61,14.05,43.02,38.29,0.0,74.66,24.52,27.08,0.04,0.91,17.86,0.99,0.41,2016-09-14 19:00:00
332,2016,9,14,20,0.1,1.85,46.07,100.04,146.11,12.84,48.48,49.11,0.25,75.57,23.87,24.9,0.02,1.14,17.63,0.8,0.58,2016-09-14 20:00:00
333,2016,9,14,21,0.13,1.88,50.6,108.47,159.08,11.96,38.13,29.64,0.12,79.26,23.56,27.35,0.0,1.45,16.39,0.59,0.69,2016-09-14 21:00:00
334,2016,9,14,22,0.07,1.92,49.44,106.31,155.75,11.82,35.15,43.95,0.0,80.68,23.27,26.72,0.02,0.99,15.67,0.36,0.49,2016-09-14 22:00:00
335,2016,9,14,23,0.06,1.97,48.49,104.54,153.03,12.3,34.15,35.04,0.0,81.12,22.89,26.21,0.07,0.88,15.13,0.71,0.42,2016-09-14 23:00:00
336,2016,9,15,0,0.03,1.95,49.23,105.92,155.15,12.26,24.67,26.22,0.25,81.19,22.7,26.61,0.03,0.4,14.93,0.28,0.18,2016-09-15 00:00:00
337,2016,9,15,1,0.02,1.9,48.03,103.7,151.73,12.57,22.15,14.75,0.25,81.48,22.59,25.96,0.02,0.34,14.86,0.33,0.14,2016-09-15 01:00:00
338,2016,9,15,2,0.02,1.88,48.12,103.86,151.98,12.93,19.46,17.27,0.0,81.74,22.49,26.01,0.05,0.17,14.75,0.32,0.06,2016-09-15 02:00:00
339,2016,9,15,3,0.02,1.83,49.02,105.53,154.55,13.04,20.7,12.02,0.0,81.85,22.32,26.5,0.03,0.17,14.6,0.33,0.06,2016-09-15 03:00:00
340,2016,9,15,4,0.01,1.77,49.1,105.69,154.79,13.67,15.06,19.55,0.0,81.67,22.17,26.54,0.1,0.1,14.26,0.47,0.04,2016-09-15 04:00:00
341,2016,9,15,5,0.01,1.73,49.22,105.9,155.12,13.17,16.54,26.98,0.0,81.22,22.27,26.61,0.07,0.08,14.49,0.51,0.03,2016-09-15 05:00:00
342,2016,9,15,6,0.02,1.7,49.47,106.37,155.84,12.89,16.15,24.58,0.0,81.24,22.43,26.74,0.56,0.11,14.71,0.37,0.04,2016-09-15 06:00:00
343,2016,9,15,7,0.03,1.66,48.5,104.56,153.05,11.99,23.64,27.42,0.25,81.44,22.56,26.22,11.19,0.18,14.51,0.3,0.05,2016-09-15 07:00:00
344,2016,9,15,8,0.04,1.65,48.05,103.73,151.79,12.59,28.39,24.58,0.0,81.21,22.94,25.98,37.24,0.32,14.51,0.42,0.09,2016-09-15 08:00:00
345,2016,9,15,9,0.09,1.66,49.65,106.7,156.35,12.43,38.33,33.4,0.25,80.95,23.31,26.84,53.87,0.54,14.56,0.44,0.18,2016-09-15 09:00:00
346,2016,9,15,10,0.05,1.68,50.23,107.77,158.0,12.24,32.37,29.02,0.0,79.96,24.1,27.15,91.74,0.51,14.79,0.47,0.21,2016-09-15 10:00:00
347,2016,9,15,11,0.06,1.7,48.14,103.89,152.03,12.18,25.06,23.73,0.25,79.44,24.45,26.02,96.14,0.71,15.54,0.44,0.28,2016-09-15 11:00:00
348,2016,9,15,12,0.08,1.74,51.27,109.72,160.99,12.46,24,10.18,0.0,77.8,25.04,27.71,103.24,1.1,17.2,0.41,0.44,2016-09-15 12:00:00
349,2016,9,15,13,0.05,1.77,49.54,106.49,156.02,12.55,24,18.26,0.25,78.91,24.15,26.77,70.14,0.86,15.07,0.84,0.38,2016-09-15 13:00:00
350,2016,9,15,14,0.02,1.75,42.02,92.51,134.53,13.78,12.02,5.47,0.0,79.4,23.45,22.71,62.85,0.34,14.94,0.93,0.15,2016-09-15 14:00:00
351,2016,9,15,15,0.03,1.75,50.74,108.72,159.45,13.55,7.43,18.37,0.0,78.87,24.12,27.42,111.73,0.42,14.97,0.42,0.19,2016-09-15 15:00:00
352,2016,9,15,16,0.03,1.75,51.95,110.98,162.93,13.56,8.71,20.15,0.0,78.07,24.36,28.08,116.74,0.47,15.21,0.65,0.21,2016-09-15 16:00:00
353,2016,9,15,17,0.04,1.72,50.37,108.05,158.43,12.75,12.42,8.05,0.0,78.1,24.23,27.23,43.55,0.49,15.36,0.48,0.21,2016-09-15 17:00:00
354,2016,9,15,18,0.05,1.73,50.35,108.01,158.37,13.84,12.14,7.71,0.0,77.97,23.72,27.22,12.87,0.63,16.86,0.53,0.27,2016-09-15 18:00:00
355,2016,9,15,19,0.04,1.73,51.68,110.48,162.16,13.55,14.57,10.56,0.0,78.81,23.33,27.94,0.1,0.48,17.04,0.78,0.2,2016-09-15 19:00:00
356,2016,9,15,20,0.05,1.72,50.84,108.91,159.74,12.48,10.72,30.66,0.0,78.99,23.28,27.48,0.07,0.64,17.37,0.35,0.25,2016-09-15 20:00:00
357,2016,9,15,21,0.08,1.73,49.49,106.41,155.91,13.07,15.13,27.17,0.0,78.52,23.35,26.75,0.06,1.06,18.1,0.59,0.47,2016-09-15 21:00:00
358,2016,9,15,22,0.08,1.79,49.97,107.3,157.28,13.22,20.28,14.9,0.0,78.25,23.44,27.01,0.03,0.92,18.21,0.41,0.41,2016-09-15 22:00:00
359,2016,9,15,23,0.05,1.81,49.84,107.06,156.9,12.58,26.14,18.99,0.0,78.25,23.43,26.94,0.02,0.75,18.29,0.5,0.33,2016-09-15 23:00:00
360,2016,9,16,0,0.06,1.8,50.17,107.67,157.85,12.33,27,19.15,0.0,79.11,23.17,27.12,0.01,0.79,16.8,0.47,0.36,2016-09-16 00:00:00
361,2016,9,16,1,0.06,1.82,51.89,110.86,162.74,11.7,21.87,20.71,0.0,80.2,22.94,28.05,0.0,1.06,15.71,0.39,0.46,2016-09-16 01:00:00
362,2016,9,16,2,0.07,1.84,53.01,112.95,165.97,12.37,21,16.73,0.0,80.91,22.92,28.66,0.0,1.25,15.3,0.32,0.57,2016-09-16 02:00:00
363,2016,9,16,3,0.04,1.84,51.27,109.7,160.96,13.38,21.86,19.41,0.0,81.13,23.09,27.71,0.0,0.63,15.6,0.38,0.26,2016-09-16 03:00:00
364,2016,9,16,4,0.03,1.84,51.64,110.4,162.04,11.98,21.14,22.56,0.0,81.05,23.15,27.91,0.0,0.42,16.04,0.28,0.16,2016-09-16 04:00:00
365,2016,9,16,5,0.03,1.8,52.05,111.16,163.21,13.31,26.99,25.56,0.0,81.24,23.05,28.13,0.0,0.43,15.79,0.36,0.16,2016-09-16 05:00:00
366,2016,9,16,6,0.04,1.77,48.3,104.18,152.48,13.09,26.29,30.27,0.0,81.2,23.03,26.11,1.55,0.29,15.87,0.28,0.1,2016-09-16 06:00:00
367,2016,9,16,7,0.06,1.76,49.92,107.19,157.1,12.7,28.57,26.73,0.0,80.99,23.36,26.98,25.06,0.45,16.34,0.28,0.16,2016-09-16 07:00:00
368,2016,9,16,8,0.12,1.78,50.09,107.52,157.61,13.76,40.99,32.84,0.0,78.95,24.48,27.08,87.74,0.59,18.95,0.39,0.23,2016-09-16 08:00:00
369,2016,9,16,9,0.08,1.78,50.37,108.04,158.42,16.03,48.13,34.85,0.0,73.25,26.27,27.23,149.98,0.49,19.41,0.37,0.18,2016-09-16 09:00:00
370,2016,9,16,10,0.05,1.79,49.27,106.0,155.27,18.55,36.17,27.31,0.0,65.99,27.93,26.63,179.33,0.38,19.12,0.32,0.15,2016-09-16 10:00:00
371,2016,9,16,11,0.03,1.8,49.46,106.35,155.82,18.46,27.16,18.31,0.0,67.93,26.88,26.74,89.47,0.29,18.29,0.56,0.1,2016-09-16 11:00:00
372,2016,9,16,12,0.05,1.77,51.6,110.32,161.92,14.31,35.41,31.53,0.19,77.91,24.96,27.89,69.75,0.86,16.72,0.31,0.29,2016-09-16 12:00:00
373,2016,9,16,13,0.06,1.79,53.2,113.3,166.5,14.27,35.3,29.77,0.0,75.73,26.87,28.76,180.38,0.89,17.45,0.39,0.57,2016-09-16 13:00:00
374,2016,9,16,14,0.04,1.83,51.92,110.92,162.85,16.59,28.22,29.85,0.0,71.46,27.22,28.07,167.03,0.49,19.15,1.13,0.23,2016-09-16 14:00:00
375,2016,9,16,15,0.03,1.83,47.31,102.36,149.67,15.82,27,21.52,0.0,72.54,26.44,25.58,92.42,0.34,19.16,0.99,0.14,2016-09-16 15:00:00
376,2016,9,16,16,0.03,1.79,51.41,109.98,161.39,15.26,23.61,18.3,0.0,73.57,26.48,27.79,108.8,0.53,19.19,0.94,0.15,2016-09-16 16:00:00
377,2016,9,16,17,0.03,1.8,52.62,112.22,164.84,16.93,37.41,23.09,0.0,70.25,27.0,28.44,121.06,0.59,19.13,1.12,0.16,2016-09-16 17:00:00
378,2016,9,16,18,0.03,1.79,53.38,113.65,167.03,16.77,40.85,20.61,0.0,71.52,25.88,28.85,14.65,0.49,18.86,0.75,0.22,2016-09-16 18:00:00
379,2016,9,16,19,0.06,1.77,49.02,105.52,154.53,13.82,42.7,38.65,0.0,74.42,25.03,26.5,0.02,0.85,19.15,0.95,0.36,2016-09-16 19:00:00
380,2016,9,16,20,0.14,1.86,51.1,109.4,160.5,14.56,61.65,47.93,0.0,76.08,24.65,27.62,0.02,1.55,18.74,0.64,0.87,2016-09-16 20:00:00
381,2016,9,16,21,0.09,1.94,52.77,112.51,165.29,13.07,62.46,50.7,0.0,77.33,24.4,28.53,0.02,0.97,18.0,0.6,0.49,2016-09-16 21:00:00
382,2016,9,16,22,0.08,1.97,52.4,111.82,164.21,12.5,48.44,32.36,0.0,78.06,24.3,28.33,0.0,1.2,18.22,0.38,0.6,2016-09-16 22:00:00
383,2016,9,16,23,0.07,2.05,51.82,110.73,162.55,12.06,61.26,41.71,0.0,77.96,24.29,28.01,0.01,1.15,18.37,0.28,0.54,2016-09-16 23:00:00
384,2016,9,17,0,0.07,2.06,53.05,113.02,166.07,11.91,63.15,50.79,0.0,78.03,24.35,28.68,0.0,0.97,18.22,0.28,0.42,2016-09-17 00:00:00
385,2016,9,17,1,0.05,2.07,48.87,105.26,154.13,16.2,48.6,46.91,0.0,77.96,24.04,26.42,0.0,0.62,18.15,1.29,0.26,2016-09-17 01:00:00
386,2016,9,17,2,0.01,2.04,50.61,108.49,159.11,22.85,26.48,15.23,0.12,78.69,22.24,27.36,0.0,0.11,16.02,1.96,0.05,2016-09-17 02:00:00
387,2016,9,17,3,0.0,1.97,51.45,110.06,161.51,19.23,7.74,4.92,0.0,80.91,21.94,27.81,0.0,0.05,14.96,0.61,0.03,2016-09-17 03:00:00
388,2016,9,17,4,0.01,1.88,49.27,105.99,155.26,16.36,1.61,3.66,0.0,81.56,22.01,26.63,0.02,0.06,14.9,0.4,0.02,2016-09-17 04:00:00
389,2016,9,17,5,0.01,1.83,51.63,110.38,162.01,14.28,0.91,2.56,0.0,82.0,22.22,27.91,0.03,0.16,14.8,0.28,0.04,2016-09-17 05:00:00
390,2016,9,17,6,0.02,1.79,52.48,111.95,164.43,13.78,4.24,7.24,0.0,82.41,22.36,28.37,0.63,0.14,14.69,0.45,0.04,2016-09-17 06:00:00
391,2016,9,17,7,0.05,1.74,52.17,111.39,163.56,12.78,15.17,19.97,0.0,82.47,22.76,28.2,14.61,0.27,14.74,0.31,0.06,2016-09-17 07:00:00
392,2016,9,17,8,0.12,1.74,50.82,108.88,159.7,12.72,31.41,29.63,0.0,82.0,23.51,27.47,66.15,0.71,14.68,0.34,0.26,2016-09-17 08:00:00
393,2016,9,17,9,0.1,1.79,51.43,110.02,161.46,13.26,29.76,30.15,0.0,78.88,25.37,27.8,254.15,0.76,17.28,0.69,0.34,2016-09-17 09:00:00
394,2016,9,17,10,0.06,1.82,51.64,110.41,162.05,15.67,22.22,18.13,0.0,64.31,29.0,27.91,381.45,0.66,19.09,1.52,0.3,2016-09-17 10:00:00
395,2016,9,17,11,0.05,1.85,45.97,99.86,145.84,14.78,22.7,6.68,0.0,72.72,25.75,24.85,147.29,0.66,17.45,1.3,0.28,2016-09-17 11:00:00
396,2016,9,17,12,0.06,1.85,49.68,106.75,156.43,12.96,21.3,1.61,0.19,78.98,24.24,26.85,69.02,0.85,15.0,0.84,0.32,2016-09-17 12:00:00
397,2016,9,17,13,0.05,1.88,54.48,115.67,170.15,13.22,20.15,4.39,0.0,79.04,24.52,29.45,124.74,0.95,15.27,0.96,0.44,2016-09-17 13:00:00
398,2016,9,17,14,0.05,1.9,53.24,113.37,166.61,13.13,16.61,7.54,0.25,77.91,24.91,28.78,185.98,0.89,15.83,0.75,0.42,2016-09-17 14:00:00
399,2016,9,17,15,0.02,1.9,53.75,114.32,168.07,13.25,10.91,23.25,0.0,74.64,25.91,29.05,177.59,0.57,18.95,0.44,0.24,2016-09-17 15:00:00
400,2016,9,17,16,0.04,1.9,53.12,113.16,166.28,13.04,10,23.78,0.25,76.59,24.68,28.71,53.58,0.47,16.23,0.28,0.16,2016-09-17 16:00:00
401,2016,9,17,17,0.04,1.88,55.01,116.67,171.69,12.72,10.85,1.7,0.0,78.65,24.1,29.74,39.19,0.78,15.19,0.6,0.31,2016-09-17 17:00:00
402,2016,9,17,18,0.05,1.86,54.22,115.21,169.43,12.99,15.24,2.85,0.0,78.98,23.89,29.31,10.46,0.94,15.54,1.13,0.41,2016-09-17 18:00:00
403,2016,9,17,19,0.08,1.88,53.71,114.25,167.96,13.47,7.52,3,0.0,79.67,23.48,29.03,0.04,1.11,15.58,1.04,0.57,2016-09-17 19:00:00
404,2016,9,17,20,0.08,1.93,52.99,112.92,165.9,13.01,17.02,8.09,0.0,80.76,22.97,28.64,0.0,0.94,14.98,0.51,0.48,2016-09-17 20:00:00
405,2016,9,17,21,0.08,1.92,55.02,116.68,171.7,13.67,16.46,14.93,0.12,81.49,22.79,29.74,0.0,1.14,14.76,0.88,0.6,2016-09-17 21:00:00
406,2016,9,17,22,0.03,1.96,55.52,117.62,173.13,14.34,13.46,4.14,0.0,82.06,22.71,30.01,0.0,0.65,14.71,0.65,0.35,2016-09-17 22:00:00
407,2016,9,17,23,0.03,1.95,51.46,110.06,161.51,14.96,10.46,1.83,0.0,81.61,22.64,27.81,0.0,0.43,14.79,0.85,0.22,2016-09-17 23:00:00
408,2016,9,18,0,0.02,1.89,50.27,107.85,158.12,14.73,6.6,2.55,0.0,80.78,22.66,27.17,0.0,0.16,15.13,0.46,0.08,2016-09-18 00:00:00
409,2016,9,18,1,0.02,1.86,51.33,109.83,161.16,15.89,8.54,16.56,0.0,80.56,22.78,27.74,0.0,0.2,15.19,0.49,0.1,2016-09-18 01:00:00
410,2016,9,18,2,0.01,1.83,51.9,110.88,162.77,17.13,9.85,7.98,0.25,81.12,22.54,28.05,0.0,0.1,14.72,0.37,0.04,2016-09-18 02:00:00
411,2016,9,18,3,0.02,1.75,52.12,111.3,163.42,14.31,3.21,6,0.0,81.77,22.56,28.17,0.0,0.09,14.62,0.29,0.03,2016-09-18 03:00:00
412,2016,9,18,4,0.02,1.72,51.57,110.26,161.83,14.55,1.82,6,0.0,81.77,22.73,27.87,0.0,0.16,14.44,0.29,0.04,2016-09-18 04:00:00
413,2016,9,18,5,0.01,1.7,51.93,110.95,162.87,16.99,2.54,6.85,0.25,82.39,22.51,28.07,0.0,0.1,14.46,0.53,0.03,2016-09-18 05:00:00
414,2016,9,18,6,0.01,1.64,50.56,108.4,158.96,14.34,6.39,5.31,0.19,82.87,22.45,27.33,9.06,0.07,14.41,0.34,0.03,2016-09-18 06:00:00
415,2016,9,18,7,0.03,1.64,48.97,105.44,154.4,12.57,15.48,1.58,0.0,82.77,23.05,26.47,34.63,0.18,14.42,0.3,0.06,2016-09-18 07:00:00
416,2016,9,18,8,0.05,1.62,49.13,105.74,154.87,12.82,21.24,13.82,0.0,81.54,24.15,26.56,136.9,0.26,14.42,0.87,0.07,2016-09-18 08:00:00
417,2016,9,18,9,0.03,1.65,49.09,105.66,154.75,13.45,22,16.85,0.0,76.69,25.43,26.53,205.81,0.19,19.18,1.37,0.07,2016-09-18 09:00:00
418,2016,9,18,10,0.02,1.64,50.46,108.21,158.68,14.82,22,19.56,0.0,64.35,27.8,27.28,319.64,0.24,19.26,2.41,0.08,2016-09-18 10:00:00
419,2016,9,18,11,0.02,1.64,50.78,108.8,159.58,15.12,22,14.02,0.0,63.91,27.77,27.45,312.06,0.23,19.16,2.17,0.09,2016-09-18 11:00:00
420,2016,9,18,12,0.02,1.66,49.39,106.22,155.62,15.68,21.15,6.16,0.0,60.16,28.71,26.7,310.27,0.3,18.56,2.51,0.1,2016-09-18 12:00:00
421,2016,9,18,13,0.02,1.65,51.71,110.52,162.23,14.79,21,6.71,0.0,66.12,27.2,27.95,252.67,0.35,18.73,2.12,0.12,2016-09-18 13:00:00
422,2016,9,18,14,0.03,1.67,51.53,110.19,161.73,14.51,19.3,15.55,0.25,67.27,26.72,27.85,185.83,0.4,18.53,1.95,0.16,2016-09-18 14:00:00
423,2016,9,18,15,0.02,1.67,52.77,112.51,165.28,15.83,13.91,8.45,0.0,65.01,26.69,28.53,218.21,0.35,18.59,2.48,0.12,2016-09-18 15:00:00
424,2016,9,18,16,0.02,1.68,53.12,113.15,166.28,16.38,21.48,7,0.0,65.33,26.48,28.71,143.81,0.32,18.32,2.1,0.11,2016-09-18 16:00:00
425,2016,9,18,17,0.03,1.67,52.51,112.02,164.53,17.13,17.07,5.29,0.0,68.95,24.9,28.38,42.16,0.39,18.32,2.12,0.15,2016-09-18 17:00:00
426,2016,9,18,18,0.03,1.66,53.29,113.47,166.76,19.88,20.24,5.85,0.0,70.19,24.09,28.81,7.49,0.31,18.05,1.99,0.14,2016-09-18 18:00:00
427,2016,9,18,19,0.04,1.67,52.97,112.88,165.85,16.61,19.3,8.56,0.0,72.41,23.77,28.63,0.0,0.41,18.41,1.48,0.17,2016-09-18 19:00:00
428,2016,9,18,20,0.05,1.66,52.89,112.74,165.63,14.66,27.48,9,0.0,76.26,23.33,28.59,0.02,0.66,17.75,1.06,0.3,2016-09-18 20:00:00
429,2016,9,18,21,0.05,1.7,52.65,112.28,164.93,14.24,12.89,26.95,0.0,79.68,22.91,28.46,0.0,0.61,15.48,1.02,0.28,2016-09-18 21:00:00
430,2016,9,18,22,0.05,1.73,50.05,107.45,157.5,15.01,9.15,13.76,0.0,80.77,22.74,27.05,0.0,0.5,14.99,1.04,0.24,2016-09-18 22:00:00
431,2016,9,18,23,0.04,1.72,53.32,113.52,166.84,16.18,16.64,11.85,0.0,80.78,22.69,28.82,0.0,0.38,14.78,1.13,0.18,2016-09-18 23:00:00
432,2016,9,19,0,0.02,1.72,51.89,110.87,162.77,19.69,17.15,18.79,0.12,81.24,22.48,28.05,0.0,0.17,14.86,0.8,0.07,2016-09-19 00:00:00
433,2016,9,19,1,0.01,1.71,50.64,108.53,159.17,18.64,11.06,10.6,0.0,81.32,22.57,27.37,0.0,0.12,14.74,0.68,0.05,2016-09-19 01:00:00
434,2016,9,19,2,0.01,1.66,50.1,107.54,157.64,20.35,7.46,14.98,0.0,81.22,22.55,27.08,0.0,0.05,14.78,0.61,0.02,2016-09-19 02:00:00
435,2016,9,19,3,0.01,1.62,49.41,106.27,155.68,18.3,4.46,10.02,0.0,81.18,22.48,26.71,0.0,0.05,14.87,0.39,0.02,2016-09-19 03:00:00
436,2016,9,19,4,0.01,1.59,50.05,107.45,157.51,18.69,4,4.73,0.0,81.45,22.21,27.06,0.0,0.04,14.76,0.47,0.02,2016-09-19 04:00:00
437,2016,9,19,5,0.01,1.55,49.62,106.66,156.28,15.73,4.85,3.49,0.0,81.24,22.24,26.82,0.0,0.06,14.88,0.5,0.02,2016-09-19 05:00:00
438,2016,9,19,6,0.02,1.52,49.56,106.54,156.1,14.24,7.54,5.98,0.0,80.72,22.24,26.79,1.52,0.08,15.57,0.36,0.03,2016-09-19 06:00:00
439,2016,9,19,7,0.03,1.54,48.93,105.37,154.3,14.63,30.04,24.95,0.0,80.74,22.28,26.45,27.81,0.19,15.21,0.44,0.07,2016-09-19 07:00:00
440,2016,9,19,8,0.06,1.56,48.54,104.64,153.17,14.58,30.61,22.87,0.0,78.07,24.24,26.24,131.68,0.35,16.75,0.63,0.12,2016-09-19 08:00:00
441,2016,9,19,9,0.06,1.58,50.74,108.73,159.47,15.49,24.06,22,0.0,72.69,24.85,27.43,167.82,0.46,19.3,1.62,0.18,2016-09-19 09:00:00
442,2016,9,19,10,0.04,1.61,48.88,105.27,154.15,16.59,26.39,9.18,0.0,64.46,26.74,26.42,302.92,0.4,19.12,2.22,0.15,2016-09-19 10:00:00
443,2016,9,19,11,0.04,1.63,49.98,107.31,157.29,16.99,32.94,15.55,0.0,62.9,27.09,27.02,290.5,0.46,18.69,2.46,0.18,2016-09-19 11:00:00
444,2016,9,19,12,0.04,1.65,51.14,109.47,160.61,16.96,37.39,22.98,0.0,59.99,27.91,27.64,404.87,0.57,18.82,2.31,0.21,2016-09-19 12:00:00
445,2016,9,19,13,0.05,1.65,50.61,108.48,159.09,17.8,31.22,21.44,0.0,55.66,28.79,27.35,404.33,0.59,18.0,2.87,0.26,2016-09-19 13:00:00
446,2016,9,19,14,0.03,1.66,51.42,109.99,161.41,17.71,30,13.31,0.0,56.13,28.68,27.8,352.89,0.34,18.38,2.93,0.14,2016-09-19 14:00:00
447,2016,9,19,15,0.03,1.66,52.94,112.81,165.74,17.08,24.06,18.84,0.0,60.95,27.39,28.61,202.32,0.36,18.21,2.29,0.13,2016-09-19 15:00:00
448,2016,9,19,16,0.02,1.63,54.14,115.06,169.21,16.47,25.54,28.55,0.0,68.07,25.29,29.27,106.96,0.39,17.95,2.19,0.16,2016-09-19 16:00:00
449,2016,9,19,17,0.03,1.64,51.29,109.75,161.05,14.65,20.06,26.58,0.0,71.8,24.55,27.73,46.93,0.39,18.32,1.82,0.17,2016-09-19 17:00:00
450,2016,9,19,18,0.03,1.66,50.88,108.98,159.86,13.58,27.48,20.02,0.25,76.95,23.27,27.5,3.35,0.68,17.1,1.58,0.33,2016-09-19 18:00:00
451,2016,9,19,19,0.06,1.68,52.0,111.07,163.07,12.56,21.37,13.02,0.0,76.97,23.18,28.11,0.0,0.73,18.36,1.35,0.38,2016-09-19 19:00:00
452,2016,9,19,20,0.08,1.72,49.24,105.94,155.18,12.89,37.81,23.97,0.0,76.0,23.21,26.62,0.0,1.01,18.82,1.57,0.54,2016-09-19 20:00:00
453,2016,9,19,21,0.05,1.76,50.41,108.12,158.54,13.74,29.13,26,0.0,73.52,23.49,27.25,0.0,0.75,18.8,1.35,0.39,2016-09-19 21:00:00
454,2016,9,19,22,0.02,1.78,48.57,104.7,153.27,13.91,38.03,29.42,0.0,74.13,23.48,26.25,0.0,0.53,19.0,0.95,0.27,2016-09-19 22:00:00
455,2016,9,19,23,0.03,1.78,49.68,106.76,156.44,14.11,31.52,31.71,0.0,74.62,23.43,26.85,0.0,0.45,18.74,0.8,0.24,2016-09-19 23:00:00
456,2016,9,20,0,0.02,1.76,49.94,107.24,157.17,17.43,24.91,23.52,0.0,78.09,22.76,26.99,0.0,0.2,16.75,1.42,0.1,2016-09-20 00:00:00
457,2016,9,20,1,0.01,1.72,50.98,109.17,160.15,18.67,12.14,10.04,0.0,78.96,22.54,27.55,0.0,0.07,16.38,1.46,0.04,2016-09-20 01:00:00
458,2016,9,20,2,0.01,1.67,48.84,105.2,154.04,21.21,8.3,3.73,0.0,76.67,22.51,26.4,0.0,0.05,18.85,1.49,0.03,2016-09-20 02:00:00
459,2016,9,20,3,0.01,1.65,49.35,106.14,155.5,20.37,6.3,1.29,0.0,75.87,22.32,26.67,0.0,0.03,19.03,1.11,0.02,2016-09-20 03:00:00
460,2016,9,20,4,0.01,1.6,50.78,108.81,159.59,18.86,13.63,1.85,0.0,75.72,22.49,27.45,0.0,0.03,18.74,1.22,0.02,2016-09-20 04:00:00
461,2016,9,20,5,0.01,1.55,48.1,103.82,151.92,19.55,13.3,5.42,0.0,75.91,22.52,26.0,0.0,0.04,18.79,1.17,0.02,2016-09-20 05:00:00
462,2016,9,20,6,0.02,1.53,47.84,103.33,151.17,14.7,16.39,17.11,0.0,76.23,22.5,25.86,2.03,0.04,18.87,0.99,0.02,2016-09-20 06:00:00
463,2016,9,20,7,0.02,1.53,47.34,102.41,149.76,14.38,28.88,27.55,0.0,74.99,23.24,25.59,57.53,0.12,18.74,1.49,0.04,2016-09-20 07:00:00
464,2016,9,20,8,0.03,1.53,47.43,102.57,150.0,15.85,37.79,21.31,0.0,68.41,24.96,25.64,139.99,0.21,18.08,1.7,0.1,2016-09-20 08:00:00
465,2016,9,20,9,0.03,1.56,48.4,104.38,152.78,15.93,34.76,24.27,0.0,65.32,26.07,26.16,182.9,0.27,17.73,1.55,0.1,2016-09-20 09:00:00
466,2016,9,20,10,0.03,1.58,50.05,107.45,157.5,15.79,33.15,23.29,0.0,67.24,25.46,27.05,115.23,0.4,18.02,1.59,0.16,2016-09-20 10:00:00
467,2016,9,20,11,0.07,1.61,50.42,108.13,158.54,13.97,33.85,26.42,0.0,70.11,25.78,27.25,199.65,0.93,17.84,1.43,0.4,2016-09-20 11:00:00
468,2016,9,20,12,0.05,1.65,50.01,107.37,157.38,15.24,28.06,13.33,0.0,67.92,25.71,27.03,146.31,0.76,17.76,2.01,0.37,2016-09-20 12:00:00
469,2016,9,20,13,0.04,1.67,49.97,107.29,157.26,15.28,29.54,19.48,0.0,71.62,24.3,27.01,119.24,0.73,18.12,1.94,0.33,2016-09-20 13:00:00
470,2016,9,20,14,0.06,1.7,52.05,111.18,163.23,14.93,24.06,12.52,0.0,68.21,25.03,28.14,120.29,0.73,17.55,1.49,0.33,2016-09-20 14:00:00
471,2016,9,20,15,0.04,1.72,51.91,110.91,162.83,15.83,32.33,19.48,0.0,68.99,24.65,28.06,101.5,0.64,17.52,1.82,0.29,2016-09-20 15:00:00
472,2016,9,20,16,0.03,1.7,51.05,109.3,160.35,14.25,33.15,11.68,0.0,73.74,23.33,27.6,37.03,0.69,17.35,1.38,0.32,2016-09-20 16:00:00
473,2016,9,20,17,0.05,1.72,52.64,112.27,164.91,13.27,23.67,10.85,0.0,78.82,22.15,28.45,25.55,0.8,15.49,1.17,0.31,2016-09-20 17:00:00
474,2016,9,20,18,0.06,1.74,51.49,110.13,161.62,13.05,20.3,9.29,0.25,80.11,21.87,27.83,4.89,1.43,14.95,1.16,0.55,2016-09-20 18:00:00
475,2016,9,20,19,0.17,1.77,53.08,85.63,138.71,13.13,20,19.25,0.0,80.42,21.61,28.7,0.0,2.01,14.8,1.19,1.07,2016-09-20 19:00:00
476,2016,9,20,20,0.11,1.85,53.28,73.01,126.29,12.61,20.85,9.13,0.0,80.81,21.46,28.8,0.0,1.69,14.77,0.93,0.96,2016-09-20 20:00:00
477,2016,9,20,21,0.12,1.93,51.81,71.31,123.12,12.73,21.85,7,0.0,81.28,21.25,28.01,0.0,1.42,14.52,0.41,0.83,2016-09-20 21:00:00
478,2016,9,20,22,0.04,1.94,51.32,70.74,122.06,12.48,18.61,6.15,0.0,81.69,21.44,27.74,0.0,0.71,14.36,0.33,0.39,2016-09-20 22:00:00
479,2016,9,20,23,0.03,1.93,50.46,69.75,120.21,12.48,17.15,6.85,0.0,81.92,21.69,27.28,0.0,0.61,14.26,0.29,0.32,2016-09-20 23:00:00
480,2016,9,21,0,0.03,1.92,50.98,70.36,121.34,12.93,14.46,9.54,0.0,81.97,21.74,27.56,0.0,0.36,14.17,0.33,0.19,2016-09-21 00:00:00
481,2016,9,21,1,0.02,1.87,51.02,70.4,121.43,13.47,11.46,4.07,0.0,81.85,21.89,27.58,0.0,0.15,14.13,0.41,0.09,2016-09-21 01:00:00
482,2016,9,21,2,0.01,1.81,50.4,69.68,120.08,14.19,9.3,2.74,0.0,81.66,21.92,27.24,0.0,0.1,14.28,0.36,0.04,2016-09-21 02:00:00
483,2016,9,21,3,0.0,1.77,50.36,69.63,119.99,14.25,6.46,5.09,0.0,81.61,21.93,27.22,0.0,0.06,14.37,0.28,0.03,2016-09-21 03:00:00
484,2016,9,21,4,0.01,1.71,50.58,69.88,120.46,13.55,5.15,2.61,0.0,81.53,22.03,27.34,0.0,0.08,14.44,0.28,0.03,2016-09-21 04:00:00
485,2016,9,21,5,0.01,1.67,49.83,69.02,118.85,12.93,6.7,14.71,0.0,81.57,21.95,26.94,0.0,0.11,14.51,0.28,0.03,2016-09-21 05:00:00
486,2016,9,21,6,0.03,1.63,51.33,70.76,122.09,12.81,9.55,8.52,0.0,81.7,22.04,27.74,1.94,0.13,14.51,0.53,0.04,2016-09-21 06:00:00
487,2016,9,21,7,0.05,1.62,50.53,69.83,120.37,12.76,19.33,8.7,0.0,80.98,22.72,27.31,44.56,0.18,15.96,0.36,0.05,2016-09-21 07:00:00
488,2016,9,21,8,0.11,1.63,48.94,67.99,116.94,13.11,31.18,30.19,0.0,75.93,24.72,26.45,181.26,0.44,19.25,0.83,0.13,2016-09-21 08:00:00
489,2016,9,21,9,0.04,1.64,50.1,69.34,119.44,14.12,31.3,33.15,0.0,70.98,25.03,27.08,109.39,0.37,19.19,1.48,0.15,2016-09-21 09:00:00
490,2016,9,21,10,0.06,1.67,53.67,73.47,127.14,14.34,29.3,20.27,0.0,67.98,26.25,29.01,208.1,0.65,19.03,1.41,0.28,2016-09-21 10:00:00
491,2016,9,21,11,0.06,1.72,51.31,70.74,122.05,15.16,28.15,20.54,0.0,66.79,26.71,27.74,174.81,0.7,18.78,1.3,0.32,2016-09-21 11:00:00
492,2016,9,21,12,0.09,1.74,49.27,68.38,117.65,13.38,26.3,21,0.0,64.63,27.91,26.63,317.44,0.93,18.72,1.62,0.38,2016-09-21 12:00:00
493,2016,9,21,13,0.06,1.75,51.78,71.28,123.07,12.03,24.3,15.91,0.0,62.19,28.76,27.99,283.84,0.82,18.65,1.23,0.32,2016-09-21 13:00:00
494,2016,9,21,14,0.07,1.78,52.8,72.46,125.26,12.16,29.09,15,0.0,63.43,27.97,28.54,219.47,0.77,18.2,1.66,0.29,2016-09-21 14:00:00
495,2016,9,21,15,0.03,1.78,52.57,72.19,124.76,13.31,24.91,15,0.0,60.0,28.98,28.41,267.55,0.51,18.17,1.53,0.2,2016-09-21 15:00:00
496,2016,9,21,16,0.04,1.76,51.81,71.31,123.11,13.45,37.56,20.09,0.0,65.03,26.96,28.0,46.07,0.66,18.03,1.23,0.27,2016-09-21 16:00:00
497,2016,9,21,17,0.05,1.78,53.2,72.91,126.1,13.25,36.61,26.98,0.0,72.94,24.98,28.75,7.79,0.85,18.01,1.15,0.43,2016-09-21 17:00:00
498,2016,9,21,18,0.08,1.81,51.96,71.49,123.45,13.03,25.81,16.89,0.0,78.93,23.63,28.09,3.14,0.82,17.83,0.91,0.38,2016-09-21 18:00:00
499,2016,9,21,19,0.1,1.82,52.14,71.7,123.84,13.28,24.85,14.15,0.0,80.37,23.34,28.18,0.1,1.2,18.57,0.88,0.61,2016-09-21 19:00:00
500,2016,9,21,20,0.2,1.87,51.77,71.26,123.04,12.64,14.83,13.15,0.0,80.87,23.18,27.99,0.1,1.45,18.49,0.76,0.79,2016-09-21 20:00:00
501,2016,9,21,21,0.19,1.94,55.28,75.33,130.61,13.19,32.5,31.8,0.0,80.94,23.16,29.88,0.08,1.32,18.7,0.55,0.73,2016-09-21 21:00:00
502,2016,9,21,22,0.08,1.96,50.61,69.92,120.53,13.03,47.87,34.15,0.0,80.7,23.06,27.36,0.08,0.91,18.37,0.69,0.54,2016-09-21 22:00:00
503,2016,9,21,23,0.05,1.95,49.03,68.1,117.13,12.68,25.41,12.63,0.0,80.26,23.04,26.5,0.07,0.45,17.82,0.61,0.23,2016-09-21 23:00:00
504,2016,9,22,0,0.04,1.93,49.72,68.89,118.61,12.75,26.94,10.7,0.0,80.29,23.05,26.88,0.08,0.33,17.95,0.55,0.14,2016-09-22 00:00:00
505,2016,9,22,1,0.03,1.88,49.26,68.37,117.63,12.56,14.44,10.15,0.0,80.35,23.1,26.63,0.07,0.18,17.96,0.3,0.08,2016-09-22 01:00:00
506,2016,9,22,2,0.02,1.82,49.89,69.08,118.97,12.54,12,8.29,0.0,80.27,23.13,26.96,0.05,0.21,17.72,0.28,0.06,2016-09-22 02:00:00
507,2016,9,22,3,0.01,1.79,49.8,68.99,118.79,12.5,12,6.29,0.25,80.44,22.84,26.92,0.08,0.16,17.98,0.32,0.06,2016-09-22 03:00:00
508,2016,9,22,4,0.01,1.74,50.0,69.21,119.21,12.45,7.76,4.29,0.0,81.28,22.59,27.02,0.09,0.14,18.92,0.28,0.03,2016-09-22 04:00:00
509,2016,9,22,5,0.02,1.68,48.65,67.66,116.31,12.37,3.61,4,0.0,81.68,22.45,26.3,0.09,0.16,19.05,0.28,0.03,2016-09-22 05:00:00
510,2016,9,22,6,0.03,1.65,49.05,68.12,117.17,12.52,5.54,1.44,0.0,81.88,22.3,26.51,3.65,0.17,18.71,0.55,0.05,2016-09-22 06:00:00
511,2016,9,22,7,0.06,1.63,49.88,69.09,118.97,12.22,18.72,18.09,0.0,81.1,23.16,26.96,61.22,0.22,18.47,0.61,0.06,2016-09-22 07:00:00
512,2016,9,22,8,0.06,1.65,49.84,69.03,118.87,11.99,28.63,22.71,0.0,79.05,23.92,26.94,67.07,0.47,19.09,0.5,0.17,2016-09-22 08:00:00
513,2016,9,22,9,0.07,1.69,49.87,69.07,118.93,11.75,36.78,17.02,0.0,69.18,27.11,26.96,203.33,0.91,19.24,0.69,0.37,2016-09-22 09:00:00
514,2016,9,22,10,0.06,1.74,49.33,68.45,117.78,12.08,42.24,31.38,0.0,59.27,29.59,26.67,349.71,1.0,18.85,0.91,0.43,2016-09-22 10:00:00
515,2016,9,22,11,0.06,1.77,51.34,70.77,122.12,12.12,39.61,19.47,0.0,61.13,28.4,27.75,160.35,0.92,18.3,1.18,0.4,2016-09-22 11:00:00
516,2016,9,22,12,0.06,1.79,49.0,68.06,117.06,12.29,38.15,22.98,0.0,56.75,30.15,26.49,334.55,1.19,18.29,1.25,0.49,2016-09-22 12:00:00
517,2016,9,22,13,0.04,1.81,49.58,68.74,118.32,12.04,29.52,"1,670.67",0.0,55.25,31.32,26.8,458.16,0.68,18.28,1.66,0.28,2016-09-22 13:00:00
518,2016,9,22,14,0.05,1.83,49.86,69.06,118.92,13.74,28.85,18,0.0,64.34,28.14,26.95,144.05,0.77,18.43,1.47,0.32,2016-09-22 14:00:00
519,2016,9,22,15,0.05,1.83,51.24,70.65,121.89,13.75,20.52,3.47,0.0,69.62,26.77,27.7,134.92,0.74,17.93,1.76,0.32,2016-09-22 15:00:00
520,2016,9,22,16,0.03,1.81,50.85,70.21,121.06,13.16,21.55,24.08,0.25,74.47,25.43,27.49,44.16,0.53,17.98,0.91,0.24,2016-09-22 16:00:00
521,2016,9,22,17,0.06,1.82,51.72,71.21,122.94,12.9,26.24,16.03,0.0,77.76,24.76,27.96,24.55,1.0,19.0,0.43,0.38,2016-09-22 17:00:00
522,2016,9,22,18,0.11,1.84,52.42,72.02,124.44,13.16,44.81,29.38,0.12,79.55,24.18,28.34,2.44,1.67,19.7,1.0,0.83,2016-09-22 18:00:00
523,2016,9,22,19,0.18,1.89,55.03,75.04,130.07,13.1,35.28,21.75,0.0,80.85,23.96,29.74,0.1,2.05,18.88,0.52,1.12,2016-09-22 19:00:00
524,2016,9,22,20,0.22,2.0,53.49,73.26,126.75,13.27,48.26,34.53,0.0,81.13,23.85,28.92,0.1,2.79,19.41,0.41,1.75,2016-09-22 20:00:00
525,2016,9,22,21,0.18,2.13,54.12,73.98,128.11,12.87,43.37,49.82,0.0,81.5,23.73,29.25,0.11,2.03,18.93,0.55,1.28,2016-09-22 21:00:00
526,2016,9,22,22,0.12,2.18,50.78,70.12,120.91,12.2,47.94,40.89,0.0,81.18,23.64,27.45,0.08,1.5,18.33,0.49,0.86,2016-09-22 22:00:00
527,2016,9,22,23,0.05,2.17,52.55,72.17,124.72,12.23,43.06,38.15,0.0,81.26,23.2,28.41,0.09,0.8,18.65,0.51,0.4,2016-09-22 23:00:00
528,2016,9,23,0,0.03,2.15,51.28,70.69,121.97,12.46,29.28,28.68,0.0,80.99,23.19,27.72,0.08,0.44,18.17,0.37,0.23,2016-09-23 00:00:00
529,2016,9,23,1,0.03,2.08,49.34,68.46,117.8,12.78,15.99,20.16,0.0,80.69,23.09,26.67,0.09,0.26,17.73,0.36,0.11,2016-09-23 01:00:00
530,2016,9,23,2,0.02,2.02,49.39,68.51,117.89,12.71,13.15,7.04,0.0,80.59,23.09,26.69,0.08,0.21,17.98,0.52,0.09,2016-09-23 02:00:00
531,2016,9,23,3,0.02,1.97,50.2,69.45,119.66,12.83,11.3,3.29,0.0,80.41,23.15,27.14,0.08,0.16,18.05,0.48,0.05,2016-09-23 03:00:00
532,2016,9,23,4,0.02,1.89,48.7,67.72,116.42,12.72,14.39,13.26,0.0,80.36,23.04,26.33,0.06,0.14,17.83,0.28,0.05,2016-09-23 04:00:00
533,2016,9,23,5,0.02,1.83,49.96,69.17,119.13,12.66,13.3,20.13,0.0,80.55,22.92,27.0,0.06,0.2,17.82,0.28,0.04,2016-09-23 05:00:00
534,2016,9,23,6,0.02,1.8,52.4,71.99,124.39,12.3,30.81,26.98,0.0,81.05,22.92,28.33,1.16,0.37,17.98,0.28,0.1,2016-09-23 06:00:00
535,2016,9,23,7,0.11,1.79,51.48,70.93,122.4,12.78,49.28,35.69,0.0,80.66,23.61,27.82,40.54,0.54,18.13,0.28,0.15,2016-09-23 07:00:00
536,2016,9,23,8,0.14,1.82,48.72,67.73,116.45,12.61,66.43,53.24,0.0,77.71,24.92,26.33,93.55,0.73,18.93,0.53,0.24,2016-09-23 08:00:00
537,2016,9,23,9,0.09,1.84,50.03,69.25,119.28,12.6,46.93,44.04,0.0,72.44,26.13,27.04,105.85,0.78,18.63,0.87,0.27,2016-09-23 09:00:00
538,2016,9,23,10,0.07,1.88,50.56,69.86,120.42,12.46,48.93,28.33,0.0,64.8,28.32,27.33,233.51,1.06,18.49,1.0,0.45,2016-09-23 10:00:00
539,2016,9,23,11,0.05,1.92,49.43,68.56,117.99,12.54,44.91,28.56,0.0,59.82,29.94,26.72,318.45,0.89,18.11,1.03,0.4,2016-09-23 11:00:00
540,2016,9,23,12,0.05,1.93,51.38,70.81,122.19,12.12,49.94,29,0.0,57.67,30.74,27.77,341.88,0.69,18.06,1.14,0.29,2016-09-23 12:00:00
541,2016,9,23,13,0.05,1.94,52.85,72.52,125.37,12.35,42.52,40.11,0.0,55.88,30.98,28.57,250.3,0.72,17.8,1.56,0.29,2016-09-23 13:00:00
542,2016,9,23,14,0.03,1.94,47.66,66.52,114.18,12.36,46.09,46.27,0.12,71.21,26.67,25.77,76.34,0.47,17.94,0.94,0.19,2016-09-23 14:00:00
543,2016,9,23,15,0.06,1.92,52.12,71.67,123.8,12.27,37.67,24.78,0.0,74.68,26.31,28.18,103.1,1.0,18.41,1.39,0.43,2016-09-23 15:00:00
544,2016,9,23,16,0.03,1.92,52.2,71.76,123.96,12.86,36.85,21.85,0.0,70.68,26.65,28.21,137.99,0.63,18.37,1.77,0.3,2016-09-23 16:00:00
545,2016,9,23,17,0.04,1.92,53.69,73.48,127.17,13.55,45.48,19.44,0.0,67.43,27.14,29.02,104.96,0.58,18.12,1.71,0.26,2016-09-23 17:00:00
546,2016,9,23,18,0.05,1.91,52.83,72.49,125.33,13.13,44.46,31.82,0.0,71.97,25.35,28.56,4.57,0.76,18.12,1.08,0.32,2016-09-23 18:00:00
547,2016,9,23,19,0.1,1.92,54.91,74.89,129.8,12.71,33.81,25.45,0.0,76.37,24.33,29.68,0.08,1.21,18.22,0.66,0.62,2016-09-23 19:00:00
548,2016,9,23,20,0.16,1.98,55.53,75.62,131.16,12.61,52.35,37.67,0.0,76.84,24.0,30.02,0.08,1.85,18.48,0.69,1.11,2016-09-23 20:00:00
549,2016,9,23,21,0.07,2.03,55.08,75.09,130.17,12.61,47.51,34.02,0.0,77.23,23.81,29.77,0.04,1.39,18.34,0.45,0.72,2016-09-23 21:00:00
550,2016,9,23,22,0.04,2.05,53.25,72.97,126.22,12.15,42.6,37.27,0.0,77.26,23.89,28.78,0.04,1.15,18.22,0.47,0.57,2016-09-23 22:00:00
551,2016,9,23,23,0.05,2.08,52.37,71.96,124.32,11.93,39.46,41.42,0.0,76.92,23.82,28.31,0.03,0.83,18.32,0.59,0.43,2016-09-23 23:00:00
552,2016,9,24,0,0.05,2.07,52.75,72.4,125.14,12.0,43.24,35.22,0.0,77.28,23.89,28.51,0.02,0.6,18.35,0.98,0.28,2016-09-24 00:00:00
553,2016,9,24,1,0.02,2.02,51.9,71.41,123.31,12.16,27.06,18.62,0.0,77.94,23.77,28.05,0.03,0.27,18.75,1.02,0.11,2016-09-24 01:00:00
554,2016,9,24,2,0.02,1.98,52.34,71.92,124.25,12.09,18.91,10.87,0.0,79.42,23.43,28.29,0.04,0.16,20.87,0.68,0.05,2016-09-24 02:00:00
555,2016,9,24,3,0.02,1.92,51.58,71.04,122.61,12.03,11.22,10.85,0.0,80.15,23.26,27.88,0.04,0.17,21.1,0.69,0.05,2016-09-24 03:00:00
556,2016,9,24,4,0.01,1.85,48.06,66.97,115.03,11.83,8.3,15.27,0.0,80.62,23.18,25.98,0.04,0.11,20.65,0.64,0.04,2016-09-24 04:00:00
557,2016,9,24,5,0.02,1.8,47.81,66.68,114.49,11.74,8,16.85,0.0,80.81,23.11,25.84,0.04,0.11,21.42,0.38,0.03,2016-09-24 05:00:00
558,2016,9,24,6,0.03,1.75,51.18,70.59,121.77,11.63,17.33,28.11,0.0,80.56,23.12,27.67,1.86,0.23,21.21,0.45,0.05,2016-09-24 06:00:00
559,2016,9,24,7,0.05,1.73,52.27,71.85,124.12,11.92,25.78,12.05,0.0,79.7,23.57,28.25,32.89,0.3,19.46,0.33,0.09,2016-09-24 07:00:00
560,2016,9,24,8,0.11,1.74,51.43,70.87,122.3,11.86,48.2,35.49,0.0,77.24,24.55,27.8,83.43,0.66,18.47,0.46,0.26,2016-09-24 08:00:00
561,2016,9,24,9,0.07,1.8,51.68,71.16,122.85,12.02,54.55,45.13,0.0,71.19,26.32,27.94,129.22,0.69,18.26,0.68,0.27,2016-09-24 09:00:00
562,2016,9,24,10,0.09,1.84,53.17,72.88,126.06,12.08,58.39,32.33,0.0,66.69,27.34,28.74,143.3,1.01,18.03,1.13,0.47,2016-09-24 10:00:00
563,2016,9,24,11,0.08,1.88,51.53,71.0,122.53,12.02,59.85,35.13,0.0,62.21,28.45,27.86,287.78,1.06,17.76,2.1,0.47,2016-09-24 11:00:00
564,2016,9,24,12,0.03,1.89,51.7,71.18,122.87,12.18,53.22,24.03,0.25,66.35,27.25,27.94,259.0,0.43,18.28,2.04,0.2,2016-09-24 12:00:00
565,2016,9,24,13,0.03,1.88,53.1,72.8,125.91,11.54,51.15,27.09,0.0,66.73,26.95,28.7,236.99,0.54,17.87,2.14,0.24,2016-09-24 13:00:00
566,2016,9,24,14,0.02,1.87,54.85,74.83,129.68,13.7,61.17,34.78,0.0,63.63,27.65,29.65,294.34,0.35,18.01,2.27,0.16,2016-09-24 14:00:00
567,2016,9,24,15,0.03,1.85,54.07,73.93,128.0,13.53,57.06,19.05,0.0,63.62,27.39,29.23,212.09,0.33,17.97,2.44,0.18,2016-09-24 15:00:00
568,2016,9,24,16,0.02,1.83,54.21,74.09,128.3,13.55,57.7,33.95,0.0,67.88,25.87,29.3,79.11,0.33,17.7,2.3,0.13,2016-09-24 16:00:00
569,2016,9,24,17,0.01,1.83,53.39,73.14,126.53,13.24,58,45.48,0.0,70.45,25.14,28.86,21.04,0.46,17.82,1.53,0.15,2016-09-24 17:00:00
570,2016,9,24,18,0.04,1.84,54.05,73.9,127.95,13.02,52.91,28.35,0.0,73.18,24.33,29.21,2.99,0.73,18.06,1.16,0.29,2016-09-24 18:00:00
571,2016,9,24,19,0.06,1.85,53.68,73.48,127.16,13.17,61.34,28.39,0.0,73.79,24.18,29.02,0.04,1.22,17.91,1.32,0.56,2016-09-24 19:00:00
572,2016,9,24,20,0.08,1.88,55.75,75.87,131.63,12.9,62.15,39.17,0.0,74.21,24.2,30.14,0.03,1.34,18.26,1.3,0.62,2016-09-24 20:00:00
573,2016,9,24,21,0.04,1.91,56.36,76.58,132.94,12.6,67.09,44.39,0.0,75.13,24.05,30.47,0.03,1.18,18.32,0.88,0.56,2016-09-24 21:00:00
574,2016,9,24,22,0.06,1.94,53.21,72.93,126.13,12.61,70.54,45.85,0.0,74.63,24.01,28.76,0.03,1.03,18.15,0.79,0.5,2016-09-24 22:00:00
575,2016,9,24,23,0.05,1.96,53.77,73.58,127.35,12.18,69.3,44.3,0.0,75.24,23.9,29.07,0.04,0.95,18.09,0.77,0.46,2016-09-24 23:00:00
576,2016,9,25,0,0.04,1.95,53.85,73.68,127.53,12.37,69.85,59.26,0.0,74.84,23.84,29.11,0.02,0.5,18.25,0.65,0.23,2016-09-25 00:00:00
577,2016,9,25,1,0.02,1.88,51.99,71.52,123.52,12.17,58.13,47.59,0.0,74.88,23.9,28.11,0.01,0.34,18.29,0.62,0.14,2016-09-25 01:00:00
578,2016,9,25,2,0.02,1.87,53.35,73.09,126.44,12.15,60.24,51.78,0.0,75.78,23.76,28.84,0.03,0.3,18.32,0.39,0.11,2016-09-25 02:00:00
579,2016,9,25,3,0.02,1.83,51.53,70.99,122.52,12.48,51.67,42.83,0.0,76.28,23.8,27.85,0.02,0.22,18.5,0.57,0.07,2016-09-25 03:00:00
580,2016,9,25,4,0.02,1.77,50.72,70.05,120.77,12.43,50,33.37,0.0,76.65,23.57,27.42,0.03,0.15,18.46,0.85,0.03,2016-09-25 04:00:00
581,2016,9,25,5,0.01,1.75,50.66,69.98,120.64,13.19,42.36,30.3,0.0,77.02,23.49,27.38,0.03,0.14,18.49,0.6,0.04,2016-09-25 05:00:00
582,2016,9,25,6,0.02,1.72,51.37,70.8,122.17,13.48,45.24,40.17,0.0,76.97,23.44,27.77,4.23,0.18,18.54,0.73,0.05,2016-09-25 06:00:00
583,2016,9,25,7,0.04,1.68,50.4,69.68,120.08,13.79,53.64,39.46,0.0,76.0,24.33,27.24,52.33,0.24,18.45,0.68,0.07,2016-09-25 07:00:00
584,2016,9,25,8,0.05,1.69,47.87,66.75,114.63,13.75,59.28,52.56,0.0,69.71,26.31,25.87,165.34,0.32,17.91,1.0,0.1,2016-09-25 08:00:00
585,2016,9,25,9,0.03,1.7,48.7,67.71,116.41,14.12,43.04,30.42,0.0,64.3,27.68,26.32,220.44,0.18,17.72,1.71,0.07,2016-09-25 09:00:00
586,2016,9,25,10,0.02,1.67,49.24,68.34,117.58,14.8,34.91,31.93,0.0,58.43,29.36,26.62,352.36,0.1,17.54,1.63,0.03,2016-09-25 10:00:00
587,2016,9,25,11,0.01,1.63,49.32,68.43,117.74,15.93,41.7,41.48,0.0,55.22,30.08,26.66,319.71,0.1,17.94,1.97,0.04,2016-09-25 11:00:00
588,2016,9,25,12,0.01,1.62,50.27,69.53,119.81,16.35,42.14,31.98,0.0,56.02,30.01,27.17,455.06,0.12,17.85,2.06,0.04,2016-09-25 12:00:00
589,2016,9,25,13,0.02,1.61,50.69,70.01,120.7,15.2,42.86,36.78,0.0,56.49,30.03,27.4,272.38,0.17,17.72,1.73,0.04,2016-09-25 13:00:00
590,2016,9,25,14,0.02,1.58,51.42,70.86,122.28,15.76,39.58,36.3,0.0,53.66,30.43,27.79,384.58,0.14,17.51,2.34,0.04,2016-09-25 14:00:00
591,2016,9,25,15,0.02,1.56,51.63,71.11,122.75,17.54,34.76,36.85,0.0,56.14,29.16,27.91,255.18,0.18,17.41,2.22,0.05,2016-09-25 15:00:00
592,2016,9,25,16,0.01,1.56,52.27,71.85,124.11,17.28,38.28,23.44,0.0,58.26,28.07,28.26,195.61,0.12,17.57,2.15,0.04,2016-09-25 16:00:00
593,2016,9,25,17,0.01,1.55,52.33,71.91,124.23,17.27,45.79,38.95,0.0,58.11,28.0,28.28,131.3,0.09,17.49,1.98,0.05,2016-09-25 17:00:00
594,2016,9,25,18,0.02,1.53,50.6,69.91,120.51,17.55,42.76,36.87,0.0,62.98,25.98,27.35,17.13,0.13,17.11,1.39,0.03,2016-09-25 18:00:00
595,2016,9,25,19,0.03,1.54,51.67,71.15,122.81,15.26,48.78,35.15,0.0,67.92,25.2,27.93,0.01,0.26,17.23,1.06,0.07,2016-09-25 19:00:00
596,2016,9,25,20,0.04,1.56,51.43,70.88,122.32,14.78,56.78,48.67,0.0,70.79,24.74,27.8,0.0,0.63,17.64,0.94,0.25,2016-09-25 20:00:00
597,2016,9,25,21,0.07,1.6,51.56,71.03,122.59,13.96,63.99,50.15,0.0,72.56,24.29,27.87,0.0,0.9,17.74,0.43,0.36,2016-09-25 21:00:00
598,2016,9,25,22,0.07,1.67,50.06,69.29,119.34,13.68,70.99,55.13,0.0,73.59,24.26,27.06,0.0,1.04,18.09,0.75,0.46,2016-09-25 22:00:00
599,2016,9,25,23,0.05,1.72,49.74,68.92,118.65,14.92,64.3,35.49,0.0,73.6,24.26,26.89,0.0,0.77,17.95,0.99,0.32,2016-09-25 23:00:00
600,2016,9,26,0,0.03,1.72,49.77,68.95,118.71,14.79,55.3,40.48,0.0,73.47,23.7,26.9,0.0,0.31,17.95,0.73,0.12,2016-09-26 00:00:00
601,2016,9,26,1,0.02,1.71,48.69,67.7,116.38,14.83,55.71,48.84,0.0,75.08,23.21,26.32,0.0,0.2,18.19,0.66,0.07,2016-09-26 01:00:00
602,2016,9,26,2,0.01,1.69,49.37,68.48,117.85,14.57,40.58,43.16,0.0,76.42,22.84,26.68,0.0,0.14,18.34,0.45,0.05,2016-09-26 02:00:00
603,2016,9,26,3,0.01,1.65,50.03,69.25,119.29,14.1,40.57,36.02,0.0,77.79,22.74,27.05,0.0,0.12,18.28,0.44,0.04,2016-09-26 03:00:00
604,2016,9,26,4,0.01,1.62,48.56,67.56,116.12,14.28,40.14,35,0.0,78.18,22.76,26.25,0.0,0.13,18.54,0.28,0.03,2016-09-26 04:00:00
605,2016,9,26,5,0.02,1.59,48.36,67.32,115.67,14.15,35.72,40.98,0.0,78.44,22.65,26.14,0.0,0.13,18.49,0.49,0.03,2016-09-26 05:00:00
606,2016,9,26,6,0.02,1.56,48.62,67.62,116.24,13.55,46.12,42.85,0.0,78.52,22.73,26.28,3.34,0.18,18.43,0.58,0.05,2016-09-26 06:00:00
607,2016,9,26,7,0.1,1.56,50.43,69.71,120.14,13.7,71.13,50.69,0.0,77.12,23.77,27.26,67.52,0.31,18.39,0.72,0.08,2016-09-26 07:00:00
608,2016,9,26,8,0.1,1.6,48.98,68.04,117.02,13.79,86.12,70.8,0.0,68.72,26.23,26.48,199.68,0.51,17.51,1.4,0.17,2016-09-26 08:00:00
609,2016,9,26,9,0.04,1.65,49.13,68.21,117.35,14.1,59.76,39.81,0.0,61.86,27.92,26.56,265.71,0.36,17.47,1.68,0.12,2016-09-26 09:00:00
610,2016,9,26,10,0.04,1.64,48.4,67.37,115.77,14.78,59.28,45.11,0.0,57.98,29.04,26.16,284.47,0.42,17.76,1.81,0.15,2016-09-26 10:00:00
611,2016,9,26,11,0.03,1.64,49.22,68.31,117.53,14.05,59.14,46.15,0.0,54.74,30.27,26.6,374.76,0.49,17.3,1.78,0.2,2016-09-26 11:00:00
612,2016,9,26,12,0.04,1.66,50.9,70.26,121.16,13.36,61.57,29.76,0.0,52.59,30.86,27.51,470.06,0.56,17.67,2.27,0.22,2016-09-26 12:00:00
613,2016,9,26,13,0.04,1.68,51.07,70.45,121.53,13.44,56.87,25.29,0.0,50.55,31.85,27.61,439.75,0.58,17.7,1.93,0.23,2016-09-26 13:00:00
614,2016,9,26,14,0.03,1.68,51.56,71.03,122.59,13.43,60.28,12.18,0.0,52.32,31.36,27.87,394.06,0.44,17.43,2.54,0.17,2016-09-26 14:00:00
615,2016,9,26,15,0.03,1.68,53.74,73.54,127.28,13.39,61,18.55,0.0,55.12,30.49,29.05,367.23,0.41,17.78,2.7,0.15,2016-09-26 15:00:00
616,2016,9,26,16,0.02,1.68,53.06,72.76,125.82,12.87,43.03,28.55,0.0,61.3,27.8,28.68,116.48,0.33,17.57,2.3,0.12,2016-09-26 16:00:00
617,2016,9,26,17,0.03,1.67,51.85,71.35,123.2,12.71,48.55,25.73,0.0,67.79,26.17,28.03,24.88,0.47,17.67,1.55,0.18,2016-09-26 17:00:00
618,2016,9,26,18,0.05,1.67,52.48,72.09,124.57,12.84,50,25.85,0.0,69.13,25.73,28.37,8.34,0.68,17.44,1.04,0.26,2016-09-26 18:00:00
619,2016,9,26,19,0.05,1.7,51.54,70.99,122.53,12.43,60.27,26,0.0,71.04,25.32,27.86,0.02,1.1,17.53,1.17,0.42,2016-09-26 19:00:00
620,2016,9,26,20,0.08,1.75,50.85,70.2,121.05,12.17,67.14,53.35,0.0,72.69,24.79,27.49,0.02,1.2,17.98,1.11,0.55,2016-09-26 20:00:00
621,2016,9,26,21,0.04,1.77,50.95,70.32,121.28,11.74,63.72,60.56,0.0,74.13,24.27,27.54,0.02,0.77,17.91,0.91,0.33,2016-09-26 21:00:00
622,2016,9,26,22,0.04,1.79,51.64,71.11,122.75,11.83,61.29,45.62,0.0,73.77,23.86,27.91,0.01,0.74,17.9,0.96,0.3,2016-09-26 22:00:00
623,2016,9,26,23,0.04,1.79,50.25,69.5,119.74,11.8,57.57,49.84,0.0,74.53,23.47,27.16,0.01,0.65,18.09,0.59,0.25,2016-09-26 23:00:00
624,2016,9,27,0,0.03,1.78,49.15,68.24,117.39,12.14,51.86,45.07,0.0,75.34,23.03,26.57,0.01,0.45,18.17,0.67,0.18,2016-09-27 00:00:00
625,2016,9,27,1,0.02,1.77,49.17,68.26,117.44,12.48,42.45,40.58,0.0,75.09,22.74,26.58,0.0,0.24,17.99,0.81,0.1,2016-09-27 01:00:00
626,2016,9,27,2,0.01,1.73,50.54,69.84,120.38,12.43,35.87,28.89,0.0,75.49,22.43,27.32,0.0,0.18,18.04,0.76,0.07,2016-09-27 02:00:00
627,2016,9,27,3,0.01,1.68,49.11,68.19,117.3,13.25,37.57,22.73,0.0,75.02,22.54,26.55,0.0,0.14,18.14,1.0,0.05,2016-09-27 03:00:00
628,2016,9,27,4,0.01,1.64,48.71,67.73,116.44,13.03,40.57,27.13,0.0,76.23,22.21,26.33,0.0,0.13,18.19,0.74,0.04,2016-09-27 04:00:00
629,2016,9,27,5,0.02,1.61,50.64,69.96,120.6,12.51,31.59,34.84,0.0,77.52,21.93,27.37,0.0,0.13,18.3,0.51,0.04,2016-09-27 05:00:00
630,2016,9,27,6,0.04,1.57,49.93,69.14,119.07,11.73,41.12,24.89,0.0,78.57,21.8,26.99,4.32,0.21,18.19,0.53,0.06,2016-09-27 06:00:00
631,2016,9,27,7,0.1,1.56,49.94,69.14,119.08,13.79,62.7,42.66,0.0,77.84,22.97,26.99,65.68,0.33,18.36,0.92,0.08,2016-09-27 07:00:00
632,2016,9,27,8,0.12,1.59,49.48,68.62,118.1,13.52,93.38,64.8,0.0,68.1,26.83,26.75,206.13,0.64,17.6,0.8,0.2,2016-09-27 08:00:00
633,2016,9,27,9,0.05,1.64,48.76,67.78,116.54,13.8,82.6,61.16,0.0,60.63,28.46,26.36,237.64,0.49,17.29,1.32,0.17,2016-09-27 09:00:00
634,2016,9,27,10,0.04,1.66,48.73,67.74,116.46,13.88,69.73,53.16,0.0,59.2,28.99,26.34,231.45,0.71,17.61,1.45,0.3,2016-09-27 10:00:00
635,2016,9,27,11,0.04,1.68,49.56,68.71,118.27,13.51,71.42,46.02,0.0,59.46,28.9,26.79,217.25,0.81,17.89,1.56,0.33,2016-09-27 11:00:00
636,2016,9,27,12,0.06,1.71,50.41,69.69,120.1,13.45,68.57,42.44,0.0,56.64,30.28,27.25,280.22,0.92,17.6,1.68,0.39,2016-09-27 12:00:00
637,2016,9,27,13,0.05,1.74,49.17,68.25,117.42,13.12,72.28,50.55,0.0,52.05,31.81,26.58,434.95,0.88,17.81,1.89,0.36,2016-09-27 13:00:00
638,2016,9,27,14,0.04,1.75,51.03,70.41,121.43,12.95,71.29,40.89,0.0,49.88,32.68,27.58,494.01,0.59,17.78,2.11,0.22,2016-09-27 14:00:00
639,2016,9,27,15,0.03,1.75,51.72,71.21,122.93,12.91,65.01,37.29,0.0,52.16,31.91,27.96,269.4,0.53,17.6,2.1,0.2,2016-09-27 15:00:00
640,2016,9,27,16,0.02,1.74,54.26,74.14,128.4,12.81,65.69,33.61,0.0,64.22,27.28,29.33,53.89,0.5,17.35,2.13,0.17,2016-09-27 16:00:00
641,2016,9,27,17,0.05,1.73,50.42,69.7,120.11,12.57,54.97,14.35,0.0,68.05,25.99,27.25,27.91,0.61,17.36,1.71,0.14,2016-09-27 17:00:00
642,2016,9,27,18,0.04,1.72,53.29,73.02,126.31,12.62,62.32,21.16,0.0,69.54,25.29,28.81,6.62,1.02,17.4,1.47,0.32,2016-09-27 18:00:00
643,2016,9,27,19,0.09,1.76,52.36,71.95,124.31,12.45,69.08,35.7,0.0,70.83,25.02,28.3,0.0,1.67,17.39,1.06,0.74,2016-09-27 19:00:00
644,2016,9,27,20,0.07,1.82,50.83,70.19,121.02,12.7,76.78,60.02,0.0,72.8,24.59,27.48,0.0,1.08,17.62,1.0,0.55,2016-09-27 20:00:00
645,2016,9,27,21,0.06,1.83,53.31,73.05,126.35,12.29,69.53,55.53,0.0,73.28,24.46,28.81,0.0,0.86,17.72,0.34,0.41,2016-09-27 21:00:00
646,2016,9,27,22,0.05,1.85,51.08,70.47,121.56,12.38,65.46,51.44,0.0,74.38,24.13,27.61,0.0,0.66,17.91,0.85,0.3,2016-09-27 22:00:00
647,2016,9,27,23,0.03,1.84,50.0,69.22,119.23,13.39,62.46,49.29,0.0,75.98,23.61,27.03,0.0,0.47,18.26,1.19,0.2,2016-09-27 23:00:00
648,2016,9,28,0,0.02,1.81,48.64,67.64,116.28,13.64,53.51,39.6,0.0,76.36,23.29,26.29,0.0,0.27,17.98,0.88,0.11,2016-09-28 00:00:00
649,2016,9,28,1,0.02,1.78,49.23,68.33,117.57,13.57,51.15,41.39,0.0,76.37,23.19,26.61,0.0,0.22,18.14,0.83,0.08,2016-09-28 01:00:00
650,2016,9,28,2,0.01,1.75,50.66,69.98,120.63,13.81,45.07,41.15,0.0,76.91,22.87,27.38,0.0,0.17,18.14,0.68,0.06,2016-09-28 02:00:00
651,2016,9,28,3,0.01,1.7,49.69,68.86,118.55,14.19,46.54,35.07,0.0,77.34,22.61,26.86,0.0,0.14,18.23,0.8,0.05,2016-09-28 03:00:00
652,2016,9,28,4,0.01,1.66,50.08,69.31,119.39,13.84,48.7,39.93,0.0,77.59,22.29,27.07,0.0,0.11,18.06,0.64,0.03,2016-09-28 04:00:00
653,2016,9,28,5,0.01,1.62,50.69,70.02,120.71,13.23,41.37,36.73,0.0,78.33,21.88,27.4,0.0,0.13,18.04,0.61,0.04,2016-09-28 05:00:00
654,2016,9,28,6,0.02,1.6,49.6,68.75,118.35,12.38,46.78,41.13,0.0,78.52,21.71,26.81,3.87,0.16,18.12,0.59,0.04,2016-09-28 06:00:00
655,2016,9,28,7,0.07,1.58,50.28,69.55,119.84,12.23,69.19,56.53,0.0,76.78,22.58,27.18,58.08,0.28,18.15,0.91,0.07,2016-09-28 07:00:00
656,2016,9,28,8,0.09,1.6,48.27,67.22,115.49,12.69,86.56,68.32,0.0,65.53,26.54,26.09,225.9,0.5,17.47,0.82,0.15,2016-09-28 08:00:00
657,2016,9,28,9,0.05,1.65,50.87,70.23,121.09,13.64,89.85,65.76,0.0,56.6,28.86,27.5,365.7,0.47,17.53,1.6,0.16,2016-09-28 09:00:00
658,2016,9,28,10,0.04,1.66,48.59,67.59,116.18,13.43,70.5,40.42,0.0,51.54,30.7,26.27,481.63,0.4,17.4,1.74,0.14,2016-09-28 10:00:00
659,2016,9,28,11,0.04,1.66,50.6,69.91,120.52,12.34,66.15,47.02,0.0,46.57,32.88,27.35,586.09,0.5,17.74,1.7,0.16,2016-09-28 11:00:00
660,2016,9,28,12,0.05,1.67,47.29,66.08,113.37,12.43,76.17,42.22,0.0,46.08,33.04,25.56,513.38,0.59,17.86,2.0,0.19,2016-09-28 12:00:00
661,2016,9,28,13,0.04,1.7,50.27,69.53,119.8,12.3,71.22,36.76,0.0,45.78,32.99,27.17,431.44,0.48,17.89,1.97,0.16,2016-09-28 13:00:00
662,2016,9,28,14,0.03,1.69,51.86,71.37,123.24,13.22,72.54,40.24,0.0,47.21,32.62,28.03,392.49,0.46,17.72,1.94,0.15,2016-09-28 14:00:00
663,2016,9,28,15,0.03,1.69,54.68,74.62,129.3,13.32,67.07,59.64,0.0,47.54,32.32,29.55,334.37,0.39,17.37,1.98,0.15,2016-09-28 15:00:00
664,2016,9,28,16,0.03,1.7,54.1,73.96,128.07,12.97,66,40.96,0.0,47.72,32.45,29.25,300.96,0.37,17.76,1.91,0.12,2016-09-28 16:00:00
665,2016,9,28,17,0.03,1.7,53.3,73.04,126.34,13.4,70.24,31.07,0.25,58.25,26.96,28.81,70.04,0.45,17.84,1.87,0.17,2016-09-28 17:00:00
666,2016,9,28,18,0.05,1.68,53.66,73.45,127.11,12.79,68.46,18.98,0.0,75.59,23.29,29.01,12.49,1.08,18.21,0.93,0.46,2016-09-28 18:00:00
667,2016,9,28,19,0.17,1.74,53.92,73.76,127.68,12.56,70.53,37.23,0.0,77.25,24.18,29.15,0.0,2.25,18.09,1.19,1.23,2016-09-28 19:00:00
668,2016,9,28,20,0.15,1.85,52.88,72.55,125.44,12.46,88.71,66.29,0.0,77.18,23.82,28.59,0.02,1.59,18.07,1.16,0.81,2016-09-28 20:00:00
669,2016,9,28,21,0.07,1.87,53.47,73.23,126.69,12.05,81.88,64.26,0.0,75.88,23.8,28.9,0.02,1.12,18.3,0.87,0.53,2016-09-28 21:00:00
670,2016,9,28,22,0.05,1.9,51.55,71.01,122.56,12.44,80.84,64.69,0.0,74.81,23.8,27.86,0.0,0.79,18.15,0.88,0.36,2016-09-28 22:00:00
671,2016,9,28,23,0.04,1.9,52.07,71.61,123.69,12.63,75.1,45.61,0.0,75.04,23.67,28.15,0.0,0.64,18.12,0.66,0.23,2016-09-28 23:00:00
672,2016,9,29,0,0.03,1.88,50.87,70.22,121.09,12.71,69.78,53.82,0.0,75.91,23.29,27.5,0.0,0.44,18.29,0.6,0.17,2016-09-29 00:00:00
673,2016,9,29,1,0.02,1.85,50.15,69.39,119.55,13.07,56.35,51.79,0.0,76.7,22.82,27.11,0.0,0.33,18.34,0.59,0.11,2016-09-29 01:00:00
674,2016,9,29,2,0.01,1.81,51.8,71.3,123.1,13.42,53.16,36.67,0.0,77.19,22.46,28.0,0.0,0.18,18.34,0.73,0.06,2016-09-29 02:00:00
675,2016,9,29,3,0.01,1.77,49.35,68.46,117.81,13.58,47.93,38.21,0.0,77.75,22.05,26.67,0.0,0.12,18.3,0.56,0.03,2016-09-29 03:00:00
676,2016,9,29,4,0.01,1.72,49.43,68.55,117.98,13.56,46.16,36.47,0.0,77.93,21.89,26.72,0.0,0.09,18.32,0.51,0.03,2016-09-29 04:00:00
677,2016,9,29,5,0.01,1.67,49.95,69.16,119.1,13.02,47.69,30.1,0.0,77.95,21.82,27.0,0.0,0.1,18.42,0.62,0.04,2016-09-29 05:00:00
678,2016,9,29,6,0.01,1.65,50.33,69.6,119.93,12.41,48,47.55,0.0,76.9,21.77,27.21,3.6,0.09,18.35,0.72,0.02,2016-09-29 06:00:00
679,2016,9,29,7,0.03,1.63,50.57,69.88,120.45,12.31,63.18,53.53,0.0,73.85,22.87,27.34,66.29,0.16,17.85,1.01,0.04,2016-09-29 07:00:00
680,2016,9,29,8,0.04,1.63,49.29,68.4,117.69,12.79,72.75,46.41,0.0,63.95,26.19,26.64,211.12,0.35,17.67,1.2,0.11,2016-09-29 08:00:00
681,2016,9,29,9,0.04,1.66,51.39,70.83,122.21,13.2,66.41,46.69,0.0,62.3,26.27,27.78,154.77,0.36,17.41,1.65,0.13,2016-09-29 09:00:00
682,2016,9,29,10,0.04,1.66,51.9,71.41,123.31,12.6,64.16,51.21,0.0,63.23,26.43,28.05,133.33,0.54,17.45,1.12,0.19,2016-09-29 10:00:00
683,2016,9,29,11,0.04,1.67,51.63,71.1,122.73,12.86,69.9,45.26,0.0,60.14,27.03,27.9,144.26,0.87,17.32,1.46,0.34,2016-09-29 11:00:00
684,2016,9,29,12,0.04,1.7,51.18,70.59,121.77,13.11,71,50.74,0.0,56.29,28.53,27.67,241.03,0.88,17.51,1.51,0.38,2016-09-29 12:00:00
685,2016,9,29,13,0.03,1.74,52.08,71.62,123.71,13.16,69.31,46.1,0.0,53.58,29.46,28.16,293.58,0.77,17.34,1.8,0.25,2016-09-29 13:00:00
686,2016,9,29,14,0.04,1.74,53.23,72.95,126.19,13.84,68.16,37.41,0.0,53.37,29.44,28.77,269.37,0.69,17.5,1.75,0.24,2016-09-29 14:00:00
687,2016,9,29,15,0.03,1.75,52.69,72.33,125.03,14.67,65.47,46.96,0.0,51.73,30.15,28.48,288.54,0.49,17.68,1.85,0.15,2016-09-29 15:00:00
688,2016,9,29,16,0.03,1.75,54.6,74.54,129.15,13.57,78.5,50.69,0.0,56.56,28.58,29.52,140.88,0.51,17.31,1.65,0.16,2016-09-29 16:00:00
689,2016,9,29,17,0.04,1.77,52.79,72.45,125.24,13.85,80.16,33.3,0.0,59.54,27.56,28.54,65.1,0.59,17.51,1.52,0.21,2016-09-29 17:00:00
690,2016,9,29,18,0.04,1.75,53.23,72.95,126.18,13.92,80,30,0.0,63.03,26.39,28.77,7.48,0.68,17.07,1.24,0.24,2016-09-29 18:00:00
691,2016,9,29,19,0.1,1.77,51.45,70.9,122.35,14.06,84.22,43.49,0.0,67.92,25.53,27.81,0.01,1.68,17.29,1.06,0.67,2016-09-29 19:00:00
692,2016,9,29,20,0.08,1.87,51.51,70.97,122.48,14.15,85,75.5,0.0,71.7,24.63,27.84,0.0,1.51,17.61,1.12,0.55,2016-09-29 20:00:00
693,2016,9,29,21,0.07,1.86,53.68,73.48,127.16,13.32,80.78,58.24,0.0,73.1,24.0,29.02,0.0,0.83,17.71,1.22,0.33,2016-09-29 21:00:00
694,2016,9,29,22,0.05,1.87,51.49,70.94,122.44,13.01,72.41,66.64,0.0,74.09,23.4,27.83,0.0,0.62,17.57,1.26,0.24,2016-09-29 22:00:00
695,2016,9,29,23,0.05,1.86,50.48,69.77,120.25,12.75,63.4,47.9,0.0,74.38,22.87,27.29,0.0,0.64,17.77,0.86,0.24,2016-09-29 23:00:00
696,2016,9,30,0,0.04,1.84,51.1,70.49,121.59,13.12,56.09,37.25,0.0,74.52,22.48,27.62,0.0,0.52,17.65,1.01,0.2,2016-09-30 00:00:00
697,2016,9,30,1,0.02,1.81,50.3,69.56,119.85,13.33,49.94,25.05,0.0,75.09,22.04,27.19,0.0,0.29,17.82,0.76,0.11,2016-09-30 01:00:00
698,2016,9,30,2,0.02,1.77,50.76,70.1,120.86,13.85,44.78,26.4,0.0,75.78,21.68,27.44,0.0,0.27,17.74,0.77,0.09,2016-09-30 02:00:00
699,2016,9,30,3,0.01,1.73,50.37,69.65,120.01,14.27,42.31,16.79,0.0,75.21,21.48,27.23,0.0,0.21,17.83,0.81,0.05,2016-09-30 03:00:00
700,2016,9,30,4,0.02,1.68,51.29,70.71,122.01,14.24,41.16,20.06,0.0,74.89,21.11,27.73,0.0,0.18,17.65,0.88,0.04,2016-09-30 04:00:00
701,2016,9,30,5,0.01,1.64,51.75,71.24,123.0,13.88,34.25,15.9,0.0,75.64,20.87,27.97,0.0,0.15,17.87,0.7,0.03,2016-09-30 05:00:00
702,2016,9,30,6,0.01,1.62,51.96,71.48,123.43,12.59,36.37,26.91,0.0,76.19,20.73,28.09,3.42,0.15,17.95,0.64,0.05,2016-09-30 06:00:00
703,2016,9,30,7,0.03,1.6,51.86,71.37,123.23,12.92,53.89,39.21,0.0,74.24,21.75,28.03,60.44,0.32,17.7,0.97,0.12,2016-09-30 07:00:00
704,2016,9,30,8,0.05,1.6,51.62,71.09,122.71,13.37,62.06,40.15,0.0,63.48,25.04,27.9,244.11,0.38,17.09,1.77,0.15,2016-09-30 08:00:00
705,2016,9,30,9,0.03,1.61,49.64,68.8,118.44,14.18,47.82,40,0.0,55.97,27.39,26.83,335.5,0.25,17.28,1.79,0.1,2016-09-30 09:00:00
706,2016,9,30,10,0.02,1.63,51.8,71.3,123.1,14.67,45.84,42.55,0.0,50.9,29.14,28.0,510.03,0.37,17.14,2.0,0.13,2016-09-30 10:00:00
707,2016,9,30,11,0.02,1.62,53.39,73.14,126.54,13.86,55.29,32.79,0.0,46.73,30.79,28.86,615.84,0.44,17.71,2.09,0.15,2016-09-30 11:00:00
708,2016,9,30,12,0.03,1.63,52.31,71.89,124.2,13.48,50.25,26.75,0.0,45.6,31.33,28.28,637.68,0.46,17.17,2.18,0.17,2016-09-30 12:00:00
709,2016,9,30,13,0.03,1.64,51.82,71.32,123.13,13.44,50.69,31.1,0.0,44.56,31.75,28.01,587.16,0.37,17.44,2.31,0.15,2016-09-30 13:00:00
710,2016,9,30,14,0.02,1.65,52.71,72.35,125.06,14.1,53.53,28.59,0.0,43.56,32.05,28.49,507.61,0.36,17.95,2.05,0.12,2016-09-30 14:00:00
711,2016,9,30,15,0.02,1.63,53.7,73.5,127.19,14.39,51.47,35.66,0.0,44.46,31.36,29.03,395.22,0.24,17.71,2.39,0.09,2016-09-30 15:00:00
712,2016,9,30,16,0.03,1.62,55.47,75.54,131.01,12.81,60.28,50.61,0.0,46.35,30.46,29.98,245.31,0.34,17.73,2.24,0.11,2016-09-30 16:00:00
713,2016,9,30,17,0.02,1.64,54.56,74.49,129.05,16.58,61.16,40.24,0.0,52.99,28.26,29.49,77.1,0.38,17.23,1.82,0.15,2016-09-30 17:00:00
714,2016,9,30,18,0.03,1.63,54.39,74.29,128.67,14.91,68.59,65.22,0.0,63.73,26.32,29.4,9.14,0.64,17.27,1.68,0.31,2016-09-30 18:00:00
715,2016,9,30,19,0.07,1.62,53.69,73.49,127.17,15.16,71.69,58.94,0.0,69.23,24.82,29.02,0.02,0.82,17.15,1.77,0.4,2016-09-30 19:00:00
716,2016,9,30,20,0.08,1.64,53.11,72.81,125.92,14.03,69.47,51.9,0.0,71.25,24.02,28.71,0.01,0.69,17.47,1.49,0.29,2016-09-30 20:00:00
717,2016,9,30,21,0.1,1.67,55.92,76.07,131.98,13.49,62.25,59.51,0.0,71.51,23.7,30.23,0.0,0.81,17.21,1.02,0.32,2016-09-30 21:00:00
718,2016,9,30,22,0.06,1.69,52.28,71.85,124.13,13.07,68.59,59.3,0.0,70.73,23.52,28.26,0.0,0.8,17.41,1.16,0.33,2016-09-30 22:00:00
719,2016,9,30,23,0.03,1.7,50.67,69.99,120.66,13.57,63.25,48.79,0.0,69.07,23.34,27.39,0.0,0.58,17.17,0.97,0.26,2016-09-30 23:00:00
